,Unnamed: 0,id,town,flat_type,storey_range,flat_model,lease_commence_date,resale_price,Tranc_Year,Tranc_Month,floor_area_sqft,hdb_age,commercial,market_hawker,total_dwelling_units,Latitude,Longitude,planning_area,Mall_Nearest_Distance,Mall_Within_500m,Mall_Within_1km,Mall_Within_2km,Hawker_Nearest_Distance,Hawker_Within_500m,Hawker_Within_1km,Hawker_Within_2km,hawker_market_stalls,mrt_nearest_distance,bus_interchange,mrt_interchange,mrt_latitude,mrt_longitude,bus_stop_nearest_distance,bus_stop_latitude,bus_stop_longitude,pri_sch_nearest_distance,pri_sch_name,pri_sch_affiliation,pri_sch_latitude,pri_sch_longitude,sec_sch_nearest_dist,sec_sch_name,cutoff_point,sec_sch_latitude,sec_sch_longitude,low_storey,high_storey,avg_storey,new_storey_range,region,region_CCR,region_East,region_North,region_RCR,region_West,flat_type_1 ROOM,flat_type_2 ROOM,flat_type_3 ROOM,flat_type_5 ROOM,flat_type_EXECUTIVE,flat_type_MULTI-GENERATION,planning_area_Ang Mo Kio,planning_area_Bedok,planning_area_Bishan,planning_area_Bukit Batok,planning_area_Bukit Merah,planning_area_Bukit Panjang,planning_area_Bukit Timah,planning_area_Changi,planning_area_Choa Chu Kang,planning_area_Clementi,planning_area_Downtown Core,planning_area_Geylang,planning_area_Hougang,planning_area_Jurong East,planning_area_Kallang,planning_area_Marine Parade,planning_area_Novena,planning_area_Outram,planning_area_Pasir Ris,planning_area_Punggol,planning_area_Queenstown,planning_area_Rochor,planning_area_Sembawang,planning_area_Sengkang,planning_area_Serangoon,planning_area_Tampines,planning_area_Tanglin,planning_area_Toa Payoh,planning_area_Western Water Catchment,planning_area_Woodlands,planning_area_Yishun,new_storey_range_High (13-18),new_storey_range_Mid (7-12),new_storey_range_Ultra High (31+),new_storey_range_Very High (19-30)
0,0,88471,KALLANG/WHAMPOA,4 ROOM,10 TO 12,Model A,2006,680000,2016,5,968.76,15,N,N,142,1.314298734,103.8728282,Kallang,1094.090418,0,0,7,154.7533573,1,3,13,60,330.083069,0,0,1.311540483,103.8717306,29.42739466,1.314433333,103.8726003,1138.633422,Geylang Methodist School,1,1.317658971,103.8825037,1138.633422,Geylang Methodist School,224,1.317658971,103.8825037,10,12,11,Mid (7-12),RCR,0,0,0,1,0,FALSE,FALSE,FALSE,FALSE,FALSE,FALSE,FALSE,FALSE,FALSE,FALSE,FALSE,FALSE,FALSE,FALSE,FALSE,FALSE,FALSE,FALSE,FALSE,FALSE,TRUE,FALSE,FALSE,FALSE,FALSE,FALSE,FALSE,FALSE,FALSE,FALSE,FALSE,FALSE,FALSE,FALSE,FALSE,FALSE,FALSE,0,1,0,0
1,1,122598,BISHAN,5 ROOM,07 TO 09,Improved,1987,665000,2012,7,1399.32,34,N,N,112,1.346085959,103.8550783,Bishan,866.9414477,0,1,3,640.1519255,0,1,7,77,903.6597029,1,1,1.350579599,103.848305,58.20776077,1.345658889,103.8553811,415.6073571,Kuo Chuan Presbyterian Primary School,1,1.349783074,103.8545292,447.8943993,Kuo Chuan Presbyterian Secondary School,232,1.350109648,103.8548917,7,9,8,Mid (7-12),RCR,0,0,0,1,0,FALSE,FALSE,FALSE,TRUE,FALSE,FALSE,FALSE,FALSE,TRUE,FALSE,FALSE,FALSE,FALSE,FALSE,FALSE,FALSE,FALSE,FALSE,FALSE,FALSE,FALSE,FALSE,FALSE,FALSE,FALSE,FALSE,FALSE,FALSE,FALSE,FALSE,FALSE,FALSE,FALSE,FALSE,FALSE,FALSE,FALSE,0,1,0,0
2,2,170897,BUKIT BATOK,EXECUTIVE,13 TO 15,Apartment,1997,838000,2013,7,1550.016,24,N,N,90,1.343866875,103.760535,Bukit Batok,1459.579948,0,0,4,1762.082341,0,0,1,95,1334.251197,1,0,1.34956122,103.7499701,214.7478599,1.344064118,103.7586133,498.8490387,Keming Primary School,0,1.345245053,103.7562645,180.0745578,Yusof Ishak Secondary School,188,1.342333778,103.7600131,13,15,14,High (13-18),West,0,0,0,0,1,FALSE,FALSE,FALSE,FALSE,TRUE,FALSE,FALSE,FALSE,FALSE,TRUE,FALSE,FALSE,FALSE,FALSE,FALSE,FALSE,FALSE,FALSE,FALSE,FALSE,FALSE,FALSE,FALSE,FALSE,FALSE,FALSE,FALSE,FALSE,FALSE,FALSE,FALSE,FALSE,FALSE,FALSE,FALSE,FALSE,FALSE,1,0,0,0
3,3,86070,BISHAN,4 ROOM,01 TO 05,Model A,1992,550000,2012,4,1108.692,29,Y,N,75,1.358245182,103.8455043,Bishan,950.1751993,0,1,4,726.2152623,0,1,9,86,907.4534839,1,1,1.350579599,103.848305,43.39652075,1.358044737,103.8451693,389.5155278,Catholic High School,1,1.354788877,103.8449341,389.5155278,Catholic High School,253,1.354788877,103.8449341,1,5,3,Low (1-6),RCR,0,0,0,1,0,FALSE,FALSE,FALSE,FALSE,FALSE,FALSE,FALSE,FALSE,TRUE,FALSE,FALSE,FALSE,FALSE,FALSE,FALSE,FALSE,FALSE,FALSE,FALSE,FALSE,FALSE,FALSE,FALSE,FALSE,FALSE,FALSE,FALSE,FALSE,FALSE,FALSE,FALSE,FALSE,FALSE,FALSE,FALSE,FALSE,FALSE,0,0,0,0
4,4,153632,YISHUN,4 ROOM,01 TO 03,Simplified,1987,298000,2017,12,893.412,34,N,N,48,1.414744781,103.8355316,Yishun,729.7718948,0,1,2,1540.151439,0,0,1,0,412.3430317,0,0,1.417130546,103.8326918,129.4227519,1.415424248,103.8364769,401.2005842,Naval Base Primary School,0,1.416280153,103.8387977,312.0254346,Orchid Park Secondary School,208,1.414888187,103.8383349,1,3,2,Low (1-6),North,0,0,1,0,0,FALSE,FALSE,FALSE,FALSE,FALSE,FALSE,FALSE,FALSE,FALSE,FALSE,FALSE,FALSE,FALSE,FALSE,FALSE,FALSE,FALSE,FALSE,FALSE,FALSE,FALSE,FALSE,FALSE,FALSE,FALSE,FALSE,FALSE,FALSE,FALSE,FALSE,FALSE,FALSE,FALSE,FALSE,FALSE,FALSE,TRUE,0,0,0,0
5,5,26610,GEYLANG,3 ROOM,07 TO 09,Improved,1975,335000,2013,1,699.66,46,Y,N,193,1.32170329,103.8861957,Geylang,684.0040015,0,3,6,148.4182473,2,5,11,82,678.2912723,0,1,1.325858517,103.8906628,229.680469,1.323621667,103.8869617,594.1285678,Saint Margaret's Primary School,1,1.324469751,103.8816233,608.8381736,Geylang Methodist School,224,1.317658971,103.8825037,7,9,8,Mid (7-12),RCR,0,0,0,1,0,FALSE,FALSE,TRUE,FALSE,FALSE,FALSE,FALSE,FALSE,FALSE,FALSE,FALSE,FALSE,FALSE,FALSE,FALSE,FALSE,FALSE,TRUE,FALSE,FALSE,FALSE,FALSE,FALSE,FALSE,FALSE,FALSE,FALSE,FALSE,FALSE,FALSE,FALSE,FALSE,FALSE,FALSE,FALSE,FALSE,FALSE,0,1,0,0
6,6,173300,HOUGANG,5 ROOM,07 TO 09,Improved,1987,433000,2018,5,1291.68,34,N,N,64,1.371276006,103.8800587,Hougang,490.2629308,1,1,8,516.9818238,0,1,4,0,1370.648274,0,0,1.35970263,103.8843026,46.56742891,1.370877451,103.8801873,331.6693183,Xinmin Primary School,0,1.371414726,103.8830391,294.8265011,Bowen Secondary School,224,1.370751073,103.877459,7,9,8,Mid (7-12),North-East,0,0,0,0,0,FALSE,FALSE,FALSE,TRUE,FALSE,FALSE,FALSE,FALSE,FALSE,FALSE,FALSE,FALSE,FALSE,FALSE,FALSE,FALSE,FALSE,FALSE,TRUE,FALSE,FALSE,FALSE,FALSE,FALSE,FALSE,FALSE,FALSE,FALSE,FALSE,FALSE,FALSE,FALSE,FALSE,FALSE,FALSE,FALSE,FALSE,0,1,0,0
7,7,55093,BEDOK,3 ROOM,06 TO 10,New Generation,1980,340000,2012,3,731.952,41,Y,N,132,1.337641561,103.9189062,Bedok,1749.147519,0,0,3,734.2524539,0,2,5,75,291.6263877,0,0,1.335166341,103.918039,71.97291848,1.338071389,103.9193903,365.7908809,Damai Primary School,0,1.335351315,103.9212683,835.0147465,Damai Secondary School,188,1.33754548,103.9264171,6,10,8,Mid (7-12),East,0,1,0,0,0,FALSE,FALSE,TRUE,FALSE,FALSE,FALSE,FALSE,TRUE,FALSE,FALSE,FALSE,FALSE,FALSE,FALSE,FALSE,FALSE,FALSE,FALSE,FALSE,FALSE,FALSE,FALSE,FALSE,FALSE,FALSE,FALSE,FALSE,FALSE,FALSE,FALSE,FALSE,FALSE,FALSE,FALSE,FALSE,FALSE,FALSE,0,1,0,0
8,8,166738,BISHAN,5 ROOM,10 TO 12,Improved,1989,700000,2020,1,1345.5,32,N,N,92,1.358355538,103.8303978,Bishan,445.7170698,1,1,1,1032.848455,0,0,4,51,1584.098301,0,0,1.347873082,103.8400478,105.1825799,1.359298333,103.8303208,398.3735541,Ai Tong School,0,1.360736365,103.8330757,866.3629579,Peirce Secondary School,208,1.366131676,103.8299104,10,12,11,Mid (7-12),RCR,0,0,0,1,0,FALSE,FALSE,FALSE,TRUE,FALSE,FALSE,FALSE,FALSE,TRUE,FALSE,FALSE,FALSE,FALSE,FALSE,FALSE,FALSE,FALSE,FALSE,FALSE,FALSE,FALSE,FALSE,FALSE,FALSE,FALSE,FALSE,FALSE,FALSE,FALSE,FALSE,FALSE,FALSE,FALSE,FALSE,FALSE,FALSE,FALSE,0,1,0,0
9,9,103385,SENGKANG,5 ROOM,10 TO 12,Improved,2001,490000,2014,6,1184.04,20,N,N,96,1.390298901,103.8864893,Sengkang,853.383254,0,2,7,1743.704293,0,0,1,0,1054.995148,1,1,1.39243991,103.8957351,89.35091258,1.39044,103.885698,94.34050749,Anchor Green Primary School,0,1.390662478,103.8872561,458.5327805,Nan Chiau High School,243,1.388687442,103.8902862,10,12,11,Mid (7-12),North-East,0,0,0,0,0,FALSE,FALSE,FALSE,TRUE,FALSE,FALSE,FALSE,FALSE,FALSE,FALSE,FALSE,FALSE,FALSE,FALSE,FALSE,FALSE,FALSE,FALSE,FALSE,FALSE,FALSE,FALSE,FALSE,FALSE,FALSE,FALSE,FALSE,FALSE,FALSE,TRUE,FALSE,FALSE,FALSE,FALSE,FALSE,FALSE,FALSE,0,1,0,0
10,10,90310,SENGKANG,4 ROOM,13 TO 15,Premium Apartment,2009,625000,2013,6,968.76,12,N,N,112,1.38414099,103.8944433,Sengkang,835.3818813,0,3,8,1634.750527,0,0,1,0,198.410931,1,0,1.382649723,103.8934632,157.7221573,1.383933053,103.8930398,209.3884653,North Vista Primary School,0,1.382893394,103.8958542,490.1022797,Seng Kang Secondary School,199,1.38609933,103.8983931,13,15,14,High (13-18),North-East,0,0,0,0,0,FALSE,FALSE,FALSE,FALSE,FALSE,FALSE,FALSE,FALSE,FALSE,FALSE,FALSE,FALSE,FALSE,FALSE,FALSE,FALSE,FALSE,FALSE,FALSE,FALSE,FALSE,FALSE,FALSE,FALSE,FALSE,FALSE,FALSE,FALSE,FALSE,TRUE,FALSE,FALSE,FALSE,FALSE,FALSE,FALSE,FALSE,1,0,0,0
11,11,46476,TAMPINES,3 ROOM,01 TO 03,Improved,1985,270000,2018,3,742.716,36,N,N,107,1.359437222,103.9460789,Tampines,575.0295,0,5,6,965.8560489,0,1,3,0,664.9997827,1,1,1.353539082,103.9450896,157.0847592,1.358622568,103.9472334,346.9701568,Tampines North Primary School,0,1.36069172,103.9489368,603.3713596,Pasir Ris Secondary School,216,1.354639566,103.9486147,1,3,2,Low (1-6),East,0,1,0,0,0,FALSE,FALSE,TRUE,FALSE,FALSE,FALSE,FALSE,FALSE,FALSE,FALSE,FALSE,FALSE,FALSE,FALSE,FALSE,FALSE,FALSE,FALSE,FALSE,FALSE,FALSE,FALSE,FALSE,FALSE,FALSE,FALSE,FALSE,FALSE,FALSE,FALSE,FALSE,TRUE,FALSE,FALSE,FALSE,FALSE,FALSE,0,0,0,0
12,12,162311,SERANGOON,5 ROOM,07 TO 09,Improved,1985,500000,2017,7,1345.5,36,N,N,96,1.366935422,103.8712847,Serangoon,721.9320029,0,1,5,607.8234281,0,2,7,0,1655.584065,0,0,1.35970263,103.8843026,150.7353411,1.366021722,103.8722864,765.3580407,Rosyth School,0,1.372915796,103.8746932,405.3358883,Serangoon Garden Secondary School,188,1.369890484,103.8691497,7,9,8,Mid (7-12),North-East,0,0,0,0,0,FALSE,FALSE,FALSE,TRUE,FALSE,FALSE,FALSE,FALSE,FALSE,FALSE,FALSE,FALSE,FALSE,FALSE,FALSE,FALSE,FALSE,FALSE,FALSE,FALSE,FALSE,FALSE,FALSE,FALSE,FALSE,FALSE,FALSE,FALSE,FALSE,FALSE,TRUE,FALSE,FALSE,FALSE,FALSE,FALSE,FALSE,0,1,0,0
13,13,52757,BUKIT MERAH,4 ROOM,28 TO 30,Model A,2013,770000,2015,8,1011.816,8,N,N,175,1.289308932,103.8292333,Bukit Merah,389.599339,1,2,27,149.1920533,3,5,15,0,465.9824029,0,0,1.285764585,103.8269968,158.0884452,1.290606888,103.828653,628.5893851,Alexandra Primary School,0,1.291299035,103.8239408,611.9443118,Gan Eng Seng School,223,1.289071145,103.8237337,28,30,29,Very High (19-30),RCR,0,0,0,1,0,FALSE,FALSE,FALSE,FALSE,FALSE,FALSE,FALSE,FALSE,FALSE,FALSE,TRUE,FALSE,FALSE,FALSE,FALSE,FALSE,FALSE,FALSE,FALSE,FALSE,FALSE,FALSE,FALSE,FALSE,FALSE,FALSE,FALSE,FALSE,FALSE,FALSE,FALSE,FALSE,FALSE,FALSE,FALSE,FALSE,FALSE,0,0,0,1
14,14,128843,BUKIT PANJANG,4 ROOM,07 TO 09,Premium Apartment,2002,345000,2019,10,979.524,19,N,N,86,1.389456481,103.7722259,Bukit Panjang,617.2347335,0,2,5,1237.267468,0,0,1,45,1630.950101,1,1,1.379015879,103.761921,157.4325704,1.388262581,103.7714646,604.7746549,Beacon Primary School,0,1.384236677,103.7737544,787.7496526,Zhenghua Secondary School,206,1.388197023,103.7652523,7,9,8,Mid (7-12),West,0,0,0,0,1,FALSE,FALSE,FALSE,FALSE,FALSE,FALSE,FALSE,FALSE,FALSE,FALSE,FALSE,TRUE,FALSE,FALSE,FALSE,FALSE,FALSE,FALSE,FALSE,FALSE,FALSE,FALSE,FALSE,FALSE,FALSE,FALSE,FALSE,FALSE,FALSE,FALSE,FALSE,FALSE,FALSE,FALSE,FALSE,FALSE,FALSE,0,1,0,0
15,15,31855,BUKIT PANJANG,3 ROOM,10 TO 12,Model A,1987,288888,2018,1,785.772,34,N,N,132,1.37717209,103.7686168,Bukit Panjang,566.6172836,0,4,8,441.5689712,1,1,1,45,772.043309,1,1,1.379015879,103.761921,136.662974,1.376100158,103.7692182,298.8861695,Zhenghua Primary School,0,1.379802361,103.7691708,555.839199,Fajar Secondary School,188,1.375565392,103.7638819,10,12,11,Mid (7-12),West,0,0,0,0,1,FALSE,FALSE,TRUE,FALSE,FALSE,FALSE,FALSE,FALSE,FALSE,FALSE,FALSE,TRUE,FALSE,FALSE,FALSE,FALSE,FALSE,FALSE,FALSE,FALSE,FALSE,FALSE,FALSE,FALSE,FALSE,FALSE,FALSE,FALSE,FALSE,FALSE,FALSE,FALSE,FALSE,FALSE,FALSE,FALSE,FALSE,0,1,0,0
16,16,54196,WOODLANDS,4 ROOM,10 TO 12,Model A,1993,400000,2020,11,1280.916,28,N,N,132,1.431856203,103.7770637,Woodlands,350.2931501,1,1,3,364.8088111,1,1,2,0,356.9450485,0,0,1.43275723,103.7739817,78.52760777,1.4324025,103.7775114,183.1976696,Fuchun Primary School,0,1.430639768,103.7781752,114.050743,Fuchun Secondary School,188,1.430833988,103.777148,10,12,11,Mid (7-12),North,0,0,1,0,0,FALSE,FALSE,FALSE,FALSE,FALSE,FALSE,FALSE,FALSE,FALSE,FALSE,FALSE,FALSE,FALSE,FALSE,FALSE,FALSE,FALSE,FALSE,FALSE,FALSE,FALSE,FALSE,FALSE,FALSE,FALSE,FALSE,FALSE,FALSE,FALSE,FALSE,FALSE,FALSE,FALSE,FALSE,FALSE,TRUE,FALSE,0,1,0,0
17,17,154003,BISHAN,5 ROOM,07 TO 09,Premium Apartment,1998,800000,2015,12,1323.972,23,N,N,131,1.356017365,103.8456681,Bishan,715.6739841,0,1,4,948.5523459,0,1,10,86,671.9584244,1,1,1.350579599,103.848305,214.2847761,1.354640028,103.8470163,159.1151349,Catholic High School,1,1.354788877,103.8449341,159.1151349,Catholic High School,253,1.354788877,103.8449341,7,9,8,Mid (7-12),RCR,0,0,0,1,0,FALSE,FALSE,FALSE,TRUE,FALSE,FALSE,FALSE,FALSE,TRUE,FALSE,FALSE,FALSE,FALSE,FALSE,FALSE,FALSE,FALSE,FALSE,FALSE,FALSE,FALSE,FALSE,FALSE,FALSE,FALSE,FALSE,FALSE,FALSE,FALSE,FALSE,FALSE,FALSE,FALSE,FALSE,FALSE,FALSE,FALSE,0,1,0,0
18,18,164978,BISHAN,5 ROOM,07 TO 09,Improved,1987,806000,2018,3,1302.444,34,N,N,92,1.348299123,103.8514194,Bishan,391.8935344,1,1,2,943.990286,0,1,9,77,429.1415285,1,1,1.350579599,103.848305,146.3336855,1.347115959,103.8519958,345.3421798,Guangyang Primary School,0,1.346042665,103.8492848,414.5949434,Guangyang Secondary School,188,1.344673253,103.8505502,7,9,8,Mid (7-12),RCR,0,0,0,1,0,FALSE,FALSE,FALSE,TRUE,FALSE,FALSE,FALSE,FALSE,TRUE,FALSE,FALSE,FALSE,FALSE,FALSE,FALSE,FALSE,FALSE,FALSE,FALSE,FALSE,FALSE,FALSE,FALSE,FALSE,FALSE,FALSE,FALSE,FALSE,FALSE,FALSE,FALSE,FALSE,FALSE,FALSE,FALSE,FALSE,FALSE,0,1,0,0
19,19,139605,YISHUN,5 ROOM,07 TO 09,Improved,1988,455000,2019,10,1291.68,33,N,N,73,1.417822583,103.8398545,Yishun,155.0326065,1,1,3,970.1643256,0,1,1,0,799.9220523,0,0,1.417130546,103.8326918,156.5766314,1.4189297,103.8407249,207.884961,Naval Base Primary School,0,1.416280153,103.8387977,367.4223172,Orchid Park Secondary School,208,1.414888187,103.8383349,7,9,8,Mid (7-12),North,0,0,1,0,0,FALSE,FALSE,FALSE,TRUE,FALSE,FALSE,FALSE,FALSE,FALSE,FALSE,FALSE,FALSE,FALSE,FALSE,FALSE,FALSE,FALSE,FALSE,FALSE,FALSE,FALSE,FALSE,FALSE,FALSE,FALSE,FALSE,FALSE,FALSE,FALSE,FALSE,FALSE,FALSE,FALSE,FALSE,FALSE,FALSE,TRUE,0,1,0,0
20,20,84379,WOODLANDS,4 ROOM,07 TO 09,Model A2,1999,322000,2017,8,968.76,22,N,N,138,1.432104164,103.7964908,Woodlands,571.6312343,0,1,6,1004.242536,0,0,2,0,609.9853398,0,0,1.427636527,103.7933065,22.81459109,1.431903546,103.7964478,332.2343254,Woodlands Ring Primary School,0,1.434769705,103.7978411,387.0541709,Woodgrove Secondary School,204,1.428628315,103.796304,7,9,8,Mid (7-12),North,0,0,1,0,0,FALSE,FALSE,FALSE,FALSE,FALSE,FALSE,FALSE,FALSE,FALSE,FALSE,FALSE,FALSE,FALSE,FALSE,FALSE,FALSE,FALSE,FALSE,FALSE,FALSE,FALSE,FALSE,FALSE,FALSE,FALSE,FALSE,FALSE,FALSE,FALSE,FALSE,FALSE,FALSE,FALSE,FALSE,FALSE,TRUE,FALSE,0,1,0,0
21,21,113785,SENGKANG,4 ROOM,19 TO 21,Premium Apartment,2005,420000,2015,7,968.76,16,N,N,173,1.388268533,103.8752721,Sengkang,356.6591344,1,3,5,1703.642636,0,0,1,0,2116.485799,1,0,1.382649723,103.8934632,268.1991048,1.387394476,103.8730234,230.5187081,Fernvale Primary School,0,1.389979408,103.874101,437.5691434,Pei Hwa Secondary School,219,1.390380457,103.8785935,19,21,20,Very High (19-30),North-East,0,0,0,0,0,FALSE,FALSE,FALSE,FALSE,FALSE,FALSE,FALSE,FALSE,FALSE,FALSE,FALSE,FALSE,FALSE,FALSE,FALSE,FALSE,FALSE,FALSE,FALSE,FALSE,FALSE,FALSE,FALSE,FALSE,FALSE,FALSE,FALSE,FALSE,FALSE,TRUE,FALSE,FALSE,FALSE,FALSE,FALSE,FALSE,FALSE,0,0,0,1
22,22,125382,WOODLANDS,5 ROOM,10 TO 12,Model A,1996,430000,2019,10,1453.14,25,N,N,87,1.429120988,103.7733265,Woodlands,863.8892062,0,1,3,878.1431938,0,1,2,0,410.8389247,0,0,1.43275723,103.7739817,42.95014048,1.429118044,103.7729401,564.821471,Fuchun Primary School,0,1.430639768,103.7781752,465.5488242,Fuchun Secondary School,188,1.430833988,103.777148,10,12,11,Mid (7-12),North,0,0,1,0,0,FALSE,FALSE,FALSE,TRUE,FALSE,FALSE,FALSE,FALSE,FALSE,FALSE,FALSE,FALSE,FALSE,FALSE,FALSE,FALSE,FALSE,FALSE,FALSE,FALSE,FALSE,FALSE,FALSE,FALSE,FALSE,FALSE,FALSE,FALSE,FALSE,FALSE,FALSE,FALSE,FALSE,FALSE,FALSE,TRUE,FALSE,0,1,0,0
23,23,184364,HOUGANG,EXECUTIVE,01 TO 05,Maisonette,1992,605000,2012,3,1593.072,29,N,N,50,1.380494819,103.8897605,Hougang,249.5596438,1,2,8,975.9630879,0,1,1,0,476.2678559,1,0,1.382649723,103.8934632,75.03249068,1.380958026,103.8902513,405.6707007,Palm View Primary School,0,1.383840764,103.8912151,734.531275,Montfort Secondary School,204,1.373950678,103.8888598,1,5,3,Low (1-6),North-East,0,0,0,0,0,FALSE,FALSE,FALSE,FALSE,TRUE,FALSE,FALSE,FALSE,FALSE,FALSE,FALSE,FALSE,FALSE,FALSE,FALSE,FALSE,FALSE,FALSE,TRUE,FALSE,FALSE,FALSE,FALSE,FALSE,FALSE,FALSE,FALSE,FALSE,FALSE,FALSE,FALSE,FALSE,FALSE,FALSE,FALSE,FALSE,FALSE,0,0,0,0
24,24,152994,GEYLANG,5 ROOM,07 TO 09,Improved,1997,648000,2019,4,1291.68,24,N,N,81,1.32319474,103.8873506,Geylang,764.5846813,0,4,6,209.4946604,3,4,12,92,472.5524694,0,1,1.325858517,103.8906628,64.21012477,1.323621667,103.8869617,652.2709,Saint Margaret's Primary School,1,1.324469751,103.8816233,818.0554391,Geylang Methodist School,224,1.317658971,103.8825037,7,9,8,Mid (7-12),RCR,0,0,0,1,0,FALSE,FALSE,FALSE,TRUE,FALSE,FALSE,FALSE,FALSE,FALSE,FALSE,FALSE,FALSE,FALSE,FALSE,FALSE,FALSE,FALSE,TRUE,FALSE,FALSE,FALSE,FALSE,FALSE,FALSE,FALSE,FALSE,FALSE,FALSE,FALSE,FALSE,FALSE,FALSE,FALSE,FALSE,FALSE,FALSE,FALSE,0,1,0,0
25,25,147965,WOODLANDS,5 ROOM,13 TO 15,Premium Apartment,2004,472000,2016,5,1184.04,17,N,N,86,1.443584175,103.8084073,Woodlands,824.7551321,0,1,5,935.8423011,0,1,1,0,900.4065356,0,0,1.440343372,103.8009842,162.3953958,1.444306976,103.8071378,570.5792856,Greenwood Primary School,0,1.440110498,103.8046293,715.5143884,Admiralty Secondary School,197,1.445890689,103.8023982,13,15,14,High (13-18),North,0,0,1,0,0,FALSE,FALSE,FALSE,TRUE,FALSE,FALSE,FALSE,FALSE,FALSE,FALSE,FALSE,FALSE,FALSE,FALSE,FALSE,FALSE,FALSE,FALSE,FALSE,FALSE,FALSE,FALSE,FALSE,FALSE,FALSE,FALSE,FALSE,FALSE,FALSE,FALSE,FALSE,FALSE,FALSE,FALSE,FALSE,TRUE,FALSE,1,0,0,0
26,26,166009,JURONG WEST,5 ROOM,04 TO 06,Improved,2002,453000,2019,8,1194.804,19,N,N,152,1.336891377,103.6966388,Jurong West,521.3995399,0,1,3,2028.864896,0,0,0,94,75.2591914,0,0,1.337342939,103.6971431,57.02322913,1.336490625,103.6963187,339.5093354,Frontier Primary School,0,1.336643122,103.6996828,633.52896,Jurong West Secondary School,199,1.335256345,103.7020981,4,6,5,Low (1-6),West,0,0,0,0,1,FALSE,FALSE,FALSE,TRUE,FALSE,FALSE,FALSE,FALSE,FALSE,FALSE,FALSE,FALSE,FALSE,FALSE,FALSE,FALSE,FALSE,FALSE,FALSE,FALSE,FALSE,FALSE,FALSE,FALSE,FALSE,FALSE,FALSE,FALSE,FALSE,FALSE,FALSE,FALSE,FALSE,FALSE,FALSE,FALSE,FALSE,0,0,0,0
27,27,69679,BUKIT BATOK,4 ROOM,01 TO 03,Model A,1997,360000,2020,6,1119.456,24,N,N,126,1.343667667,103.7560517,Bukit Batok,1063.974768,0,0,4,2044.044484,0,0,0,87,941.5485738,1,0,1.34956122,103.7499701,36.77833491,1.34399483,103.7561003,176.9853535,Keming Primary School,0,1.345245053,103.7562645,464.6741321,Yusof Ishak Secondary School,188,1.342333778,103.7600131,1,3,2,Low (1-6),West,0,0,0,0,1,FALSE,FALSE,FALSE,FALSE,FALSE,FALSE,FALSE,FALSE,FALSE,TRUE,FALSE,FALSE,FALSE,FALSE,FALSE,FALSE,FALSE,FALSE,FALSE,FALSE,FALSE,FALSE,FALSE,FALSE,FALSE,FALSE,FALSE,FALSE,FALSE,FALSE,FALSE,FALSE,FALSE,FALSE,FALSE,FALSE,FALSE,0,0,0,0
28,28,35374,TOA PAYOH,3 ROOM,10 TO 12,Improved,1973,260000,2020,7,699.66,48,N,N,284,1.34227486,103.8480503,Toa Payoh,874.295559,0,1,4,446.325468,1,5,7,32,225.5332894,0,0,1.341078755,103.8464118,150.3675231,1.340949885,103.8477798,440.8637818,Guangyang Primary School,0,1.346042665,103.8492848,385.1640997,Guangyang Secondary School,188,1.344673253,103.8505502,10,12,11,Mid (7-12),RCR,0,0,0,1,0,FALSE,FALSE,TRUE,FALSE,FALSE,FALSE,FALSE,FALSE,FALSE,FALSE,FALSE,FALSE,FALSE,FALSE,FALSE,FALSE,FALSE,FALSE,FALSE,FALSE,FALSE,FALSE,FALSE,FALSE,FALSE,FALSE,FALSE,FALSE,FALSE,FALSE,FALSE,FALSE,FALSE,TRUE,FALSE,FALSE,FALSE,0,1,0,0
29,29,72380,JURONG WEST,4 ROOM,04 TO 06,Model A,1996,358000,2017,9,1151.748,25,N,N,88,1.32789041,103.7217888,Jurong West,783.0373194,0,1,1,751.1105494,0,1,1,57,1801.492411,0,0,1.344075377,103.7210633,144.7488304,1.328572039,103.7228981,1237.758332,Lakeside Primary School,0,1.338375703,103.7180505,359.1300446,Jurong Secondary School,224,1.330147354,103.7240997,4,6,5,Low (1-6),West,0,0,0,0,1,FALSE,FALSE,FALSE,FALSE,FALSE,FALSE,FALSE,FALSE,FALSE,FALSE,FALSE,FALSE,FALSE,FALSE,FALSE,FALSE,FALSE,FALSE,FALSE,FALSE,FALSE,FALSE,FALSE,FALSE,FALSE,FALSE,FALSE,FALSE,FALSE,FALSE,FALSE,FALSE,FALSE,FALSE,FALSE,FALSE,FALSE,0,0,0,0
30,30,116245,CHOA CHU KANG,4 ROOM,07 TO 09,Model A,1993,383000,2016,3,1130.22,28,N,N,90,1.382964984,103.7415781,Choa Chu Kang,469.2005778,1,3,7,3472.690804,0,0,0,45,422.3301526,1,1,1.385710805,103.744203,69.89719794,1.383533687,103.741846,581.4746741,Chua Chu Kang Primary School,0,1.377743283,103.7418605,393.7334303,Bukit Panjang Government High School,244,1.382136722,103.7381344,7,9,8,Mid (7-12),West,0,0,0,0,1,FALSE,FALSE,FALSE,FALSE,FALSE,FALSE,FALSE,FALSE,FALSE,FALSE,FALSE,FALSE,FALSE,FALSE,TRUE,FALSE,FALSE,FALSE,FALSE,FALSE,FALSE,FALSE,FALSE,FALSE,FALSE,FALSE,FALSE,FALSE,FALSE,FALSE,FALSE,FALSE,FALSE,FALSE,FALSE,FALSE,FALSE,0,1,0,0
31,31,108393,SEMBAWANG,5 ROOM,10 TO 12,Improved,2001,503000,2012,11,1184.04,20,N,N,113,1.451731322,103.8234519,Sembawang,589.3432553,0,1,2,2278.36366,0,0,0,123,460.6307399,1,0,1.448927331,103.8204016,99.78340438,1.452058697,103.8242877,127.7553836,Wellington Primary School,0,1.451933871,103.8223206,1013.080578,Canberra Secondary School,188,1.453279711,103.8144707,10,12,11,Mid (7-12),North,0,0,1,0,0,FALSE,FALSE,FALSE,TRUE,FALSE,FALSE,FALSE,FALSE,FALSE,FALSE,FALSE,FALSE,FALSE,FALSE,FALSE,FALSE,FALSE,FALSE,FALSE,FALSE,FALSE,FALSE,FALSE,FALSE,FALSE,FALSE,FALSE,FALSE,TRUE,FALSE,FALSE,FALSE,FALSE,FALSE,FALSE,FALSE,FALSE,0,1,0,0
32,32,141326,KALLANG/WHAMPOA,5 ROOM,07 TO 09,Model A,1984,708000,2012,12,1496.196,37,N,N,144,1.327346257,103.8527814,Novena,694.4203394,0,2,10,452.1786558,1,5,10,112,793.0646451,1,0,1.332376442,103.8477238,147.5889375,1.328033056,103.8539175,829.9452125,Hong Wen School,0,1.321689285,103.8576518,959.7815524,Bendemeer Secondary School,188,1.324611113,103.8609703,7,9,8,Mid (7-12),CCR,1,0,0,0,0,FALSE,FALSE,FALSE,TRUE,FALSE,FALSE,FALSE,FALSE,FALSE,FALSE,FALSE,FALSE,FALSE,FALSE,FALSE,FALSE,FALSE,FALSE,FALSE,FALSE,FALSE,FALSE,TRUE,FALSE,FALSE,FALSE,FALSE,FALSE,FALSE,FALSE,FALSE,FALSE,FALSE,FALSE,FALSE,FALSE,FALSE,0,1,0,0
33,33,113435,SENGKANG,5 ROOM,13 TO 15,Premium Apartment,2001,496000,2012,7,1237.86,20,N,N,177,1.396828596,103.9011868,Sengkang,627.4877614,0,2,6,3159.026726,0,0,0,0,778.0784404,1,1,1.39243991,103.8957351,226.9774725,1.39490129,103.9018595,449.1154356,Compassvale Primary School,0,1.394529831,103.8978648,161.1556837,Compassvale Secondary School,210,1.396217575,103.8998722,13,15,14,High (13-18),North-East,0,0,0,0,0,FALSE,FALSE,FALSE,TRUE,FALSE,FALSE,FALSE,FALSE,FALSE,FALSE,FALSE,FALSE,FALSE,FALSE,FALSE,FALSE,FALSE,FALSE,FALSE,FALSE,FALSE,FALSE,FALSE,FALSE,FALSE,FALSE,FALSE,FALSE,FALSE,TRUE,FALSE,FALSE,FALSE,FALSE,FALSE,FALSE,FALSE,1,0,0,0
34,34,140756,TOA PAYOH,5 ROOM,10 TO 12,Improved,1997,820000,2019,4,1313.208,24,N,N,82,1.335765023,103.8468026,Toa Payoh,396.6996401,1,2,6,347.0179654,2,5,8,108,390.4609596,1,0,1.332376442,103.8477238,37.2370478,1.335473017,103.8466386,211.457549,Kheng Cheng School,0,1.337407636,103.8477611,583.8801721,CHIJ Secondary,243,1.33246213,103.8427194,10,12,11,Mid (7-12),RCR,0,0,0,1,0,FALSE,FALSE,FALSE,TRUE,FALSE,FALSE,FALSE,FALSE,FALSE,FALSE,FALSE,FALSE,FALSE,FALSE,FALSE,FALSE,FALSE,FALSE,FALSE,FALSE,FALSE,FALSE,FALSE,FALSE,FALSE,FALSE,FALSE,FALSE,FALSE,FALSE,FALSE,FALSE,FALSE,TRUE,FALSE,FALSE,FALSE,0,1,0,0
35,35,56979,KALLANG/WHAMPOA,3 ROOM,01 TO 03,Improved,1974,260000,2018,11,699.66,47,N,N,284,1.320346637,103.8683475,Kallang,1211.93058,0,0,6,232.2257009,1,3,11,127,379.231503,0,0,1.321301102,103.8716226,170.2316913,1.319964738,103.8698304,392.1711545,Bendemeer Primary School,0,1.322208475,103.8653513,947.3119024,Bendemeer Secondary School,188,1.324611113,103.8609703,1,3,2,Low (1-6),RCR,0,0,0,1,0,FALSE,FALSE,TRUE,FALSE,FALSE,FALSE,FALSE,FALSE,FALSE,FALSE,FALSE,FALSE,FALSE,FALSE,FALSE,FALSE,FALSE,FALSE,FALSE,FALSE,TRUE,FALSE,FALSE,FALSE,FALSE,FALSE,FALSE,FALSE,FALSE,FALSE,FALSE,FALSE,FALSE,FALSE,FALSE,FALSE,FALSE,0,0,0,0
36,36,123198,CHOA CHU KANG,5 ROOM,04 TO 06,Improved,2002,350000,2018,11,1184.04,19,N,N,99,1.404543658,103.7472827,Choa Chu Kang,718.6650765,0,2,3,4034.115238,0,0,0,45,779.4439764,0,0,1.397535018,103.7474051,122.4026605,1.403514518,103.7476735,193.9695423,Unity Primary School,0,1.40282339,103.7469934,562.3291862,Unity Secondary School,212,1.399642468,103.7460361,4,6,5,Low (1-6),West,0,0,0,0,1,FALSE,FALSE,FALSE,TRUE,FALSE,FALSE,FALSE,FALSE,FALSE,FALSE,FALSE,FALSE,FALSE,FALSE,TRUE,FALSE,FALSE,FALSE,FALSE,FALSE,FALSE,FALSE,FALSE,FALSE,FALSE,FALSE,FALSE,FALSE,FALSE,FALSE,FALSE,FALSE,FALSE,FALSE,FALSE,FALSE,FALSE,0,0,0,0
37,37,30420,ANG MO KIO,3 ROOM,07 TO 09,New Generation,1977,385000,2013,4,721.188,44,N,N,143,1.36598198,103.840654,Ang Mo Kio,885.4441226,0,2,4,162.5514337,2,5,11,0,1102.409491,1,0,1.369464707,103.849939,121.2246569,1.364894705,103.8405742,389.5256253,Ang Mo Kio Primary School,0,1.369092065,103.8390414,265.0667118,Ang Mo Kio Secondary School,224,1.367359004,103.8426004,7,9,8,Mid (7-12),North-East,0,0,0,0,0,FALSE,FALSE,TRUE,FALSE,FALSE,FALSE,TRUE,FALSE,FALSE,FALSE,FALSE,FALSE,FALSE,FALSE,FALSE,FALSE,FALSE,FALSE,FALSE,FALSE,FALSE,FALSE,FALSE,FALSE,FALSE,FALSE,FALSE,FALSE,FALSE,FALSE,FALSE,FALSE,FALSE,FALSE,FALSE,FALSE,FALSE,0,1,0,0
38,38,53346,TOA PAYOH,3 ROOM,07 TO 09,Improved,1970,350000,2020,12,775.008,51,Y,N,291,1.340472872,103.8461425,Toa Payoh,921.9799785,0,1,4,296.8836404,2,5,7,108,73.72290666,0,0,1.341078755,103.8464118,96.81577936,1.340938301,103.8454065,385.416874,Kheng Cheng School,0,1.337407636,103.8477611,674.4664871,Beatty Secondary School,211,1.341790511,103.8520649,7,9,8,Mid (7-12),RCR,0,0,0,1,0,FALSE,FALSE,TRUE,FALSE,FALSE,FALSE,FALSE,FALSE,FALSE,FALSE,FALSE,FALSE,FALSE,FALSE,FALSE,FALSE,FALSE,FALSE,FALSE,FALSE,FALSE,FALSE,FALSE,FALSE,FALSE,FALSE,FALSE,FALSE,FALSE,FALSE,FALSE,FALSE,FALSE,TRUE,FALSE,FALSE,FALSE,0,1,0,0
39,39,153598,WOODLANDS,5 ROOM,07 TO 09,Improved,1985,340000,2019,3,1302.444,36,Y,N,86,1.438456147,103.7770813,Woodlands,621.9410887,0,1,3,612.2269119,0,2,2,112,721.3041397,0,0,1.43275723,103.7739817,37.79548759,1.438646523,103.7767996,585.3004091,Marsiling Primary School,0,1.434423117,103.7736977,234.1441828,Marsiling Secondary School,188,1.436644248,103.7760081,7,9,8,Mid (7-12),North,0,0,1,0,0,FALSE,FALSE,FALSE,TRUE,FALSE,FALSE,FALSE,FALSE,FALSE,FALSE,FALSE,FALSE,FALSE,FALSE,FALSE,FALSE,FALSE,FALSE,FALSE,FALSE,FALSE,FALSE,FALSE,FALSE,FALSE,FALSE,FALSE,FALSE,FALSE,FALSE,FALSE,FALSE,FALSE,FALSE,FALSE,TRUE,FALSE,0,1,0,0
40,40,9299,BUKIT BATOK,3 ROOM,04 TO 06,Model A,1983,268000,2019,8,785.772,38,N,N,119,1.345903105,103.7488118,Bukit Batok,474.5077039,1,1,5,1267.924791,0,0,2,87,426.657151,1,0,1.34956122,103.7499701,86.23882236,1.345274241,103.7483578,531.0522883,Bukit View Primary School,0,1.345945246,103.7535888,385.8145526,Bukit View Secondary School,205,1.345723151,103.7522778,4,6,5,Low (1-6),West,0,0,0,0,1,FALSE,FALSE,TRUE,FALSE,FALSE,FALSE,FALSE,FALSE,FALSE,TRUE,FALSE,FALSE,FALSE,FALSE,FALSE,FALSE,FALSE,FALSE,FALSE,FALSE,FALSE,FALSE,FALSE,FALSE,FALSE,FALSE,FALSE,FALSE,FALSE,FALSE,FALSE,FALSE,FALSE,FALSE,FALSE,FALSE,FALSE,0,0,0,0
41,41,110920,BUKIT MERAH,5 ROOM,16 TO 18,Improved,2006,708000,2017,4,1237.86,15,N,N,89,1.281476362,103.8081481,Bukit Merah,727.8329244,0,3,4,611.8928355,0,4,12,48,1209.908066,0,0,1.270734786,103.8098846,113.1610153,1.281673073,103.8091468,596.9562082,Blangah Rise Primary School,0,1.276130304,103.8086392,736.5008985,Bukit Merah Secondary School,189,1.285751537,103.8132084,16,18,17,High (13-18),RCR,0,0,0,1,0,FALSE,FALSE,FALSE,TRUE,FALSE,FALSE,FALSE,FALSE,FALSE,FALSE,TRUE,FALSE,FALSE,FALSE,FALSE,FALSE,FALSE,FALSE,FALSE,FALSE,FALSE,FALSE,FALSE,FALSE,FALSE,FALSE,FALSE,FALSE,FALSE,FALSE,FALSE,FALSE,FALSE,FALSE,FALSE,FALSE,FALSE,1,0,0,0
42,42,113160,SEMBAWANG,5 ROOM,10 TO 12,Improved,1999,395000,2016,12,1291.68,22,N,N,98,1.444504744,103.818706,Sembawang,420.0509945,1,2,3,1761.865956,0,0,1,123,526.6521179,1,0,1.448927331,103.8204016,41.21319938,1.444285741,103.8190051,264.273315,Sembawang Primary School,0,1.445043645,103.8210215,225.8104229,Sembawang Secondary School,188,1.445315021,103.8168433,10,12,11,Mid (7-12),North,0,0,1,0,0,FALSE,FALSE,FALSE,TRUE,FALSE,FALSE,FALSE,FALSE,FALSE,FALSE,FALSE,FALSE,FALSE,FALSE,FALSE,FALSE,FALSE,FALSE,FALSE,FALSE,FALSE,FALSE,FALSE,FALSE,FALSE,FALSE,FALSE,FALSE,TRUE,FALSE,FALSE,FALSE,FALSE,FALSE,FALSE,FALSE,FALSE,0,1,0,0
43,43,91417,WOODLANDS,5 ROOM,01 TO 03,Improved,1997,380000,2017,8,1313.208,24,N,N,91,1.443722771,103.7987713,Woodlands,223.3959732,1,3,5,454.4742877,1,1,1,0,449.1251425,0,0,1.440343372,103.8009842,60.9566057,1.443792373,103.7993152,189.0622325,Admiralty Primary School,0,1.442679617,103.8001144,469.7365054,Admiralty Secondary School,197,1.445890689,103.8023982,1,3,2,Low (1-6),North,0,0,1,0,0,FALSE,FALSE,FALSE,TRUE,FALSE,FALSE,FALSE,FALSE,FALSE,FALSE,FALSE,FALSE,FALSE,FALSE,FALSE,FALSE,FALSE,FALSE,FALSE,FALSE,FALSE,FALSE,FALSE,FALSE,FALSE,FALSE,FALSE,FALSE,FALSE,FALSE,FALSE,FALSE,FALSE,FALSE,FALSE,TRUE,FALSE,0,0,0,0
44,44,156308,TAMPINES,4 ROOM,10 TO 12,New Generation,1985,486500,2021,4,1065.636,36,N,N,110,1.354017993,103.952704,Tampines,842.3298819,0,2,7,1296.76313,0,0,2,99,327.5405345,0,0,1.355610256,103.9551829,36.81194341,1.3537,103.9527961,360.225287,Yumin Primary School,0,1.351459603,103.9507161,451.1654405,Ngee Ann Secondary School,237,1.354398239,103.9567447,10,12,11,Mid (7-12),East,0,1,0,0,0,FALSE,FALSE,FALSE,FALSE,FALSE,FALSE,FALSE,FALSE,FALSE,FALSE,FALSE,FALSE,FALSE,FALSE,FALSE,FALSE,FALSE,FALSE,FALSE,FALSE,FALSE,FALSE,FALSE,FALSE,FALSE,FALSE,FALSE,FALSE,FALSE,FALSE,FALSE,TRUE,FALSE,FALSE,FALSE,FALSE,FALSE,0,1,0,0
45,45,29324,TOA PAYOH,4 ROOM,01 TO 03,Simplified,1998,515000,2012,10,904.176,23,Y,N,46,1.33235436,103.8677743,Toa Payoh,120.9664173,1,1,1,1223.90114,0,0,9,127,142.1123472,0,0,1.332813366,103.8689674,62.22588982,1.332681667,103.8682283,313.0493143,Saint Andrew's Junior School,1,1.331389131,103.8651289,253.5936929,Saint Andrew's Secondary School,234,1.330990274,103.8659461,1,3,2,Low (1-6),RCR,0,0,0,1,0,FALSE,FALSE,FALSE,FALSE,FALSE,FALSE,FALSE,FALSE,FALSE,FALSE,FALSE,FALSE,FALSE,FALSE,FALSE,FALSE,FALSE,FALSE,FALSE,FALSE,FALSE,FALSE,FALSE,FALSE,FALSE,FALSE,FALSE,FALSE,FALSE,FALSE,FALSE,FALSE,FALSE,TRUE,FALSE,FALSE,FALSE,0,0,0,0
46,46,173202,CHOA CHU KANG,5 ROOM,04 TO 06,Improved,1993,510000,2014,7,1334.736,28,N,N,65,1.382808783,103.7447902,Choa Chu Kang,254.9630453,1,4,8,3116.873026,0,0,0,45,329.225895,1,1,1.385710805,103.744203,109.0131938,1.381842957,103.7449585,301.0539579,South View Primary School,0,1.381766725,103.7472898,743.6401592,Bukit Panjang Government High School,244,1.382136722,103.7381344,4,6,5,Low (1-6),West,0,0,0,0,1,FALSE,FALSE,FALSE,TRUE,FALSE,FALSE,FALSE,FALSE,FALSE,FALSE,FALSE,FALSE,FALSE,FALSE,TRUE,FALSE,FALSE,FALSE,FALSE,FALSE,FALSE,FALSE,FALSE,FALSE,FALSE,FALSE,FALSE,FALSE,FALSE,FALSE,FALSE,FALSE,FALSE,FALSE,FALSE,FALSE,FALSE,0,0,0,0
47,47,130612,YISHUN,4 ROOM,01 TO 03,Model A,1987,466000,2013,6,1119.456,34,N,N,24,1.41511033,103.8334154,Yishun,927.1459502,0,1,2,1683.497027,0,0,2,0,238.6044629,0,0,1.417130546,103.8326918,156.7277529,1.416254201,103.8325916,430.4130213,Peiying Primary School,0,1.417408192,103.8302995,529.987534,Naval Base Secondary School,195,1.419245293,103.8310441,1,3,2,Low (1-6),North,0,0,1,0,0,FALSE,FALSE,FALSE,FALSE,FALSE,FALSE,FALSE,FALSE,FALSE,FALSE,FALSE,FALSE,FALSE,FALSE,FALSE,FALSE,FALSE,FALSE,FALSE,FALSE,FALSE,FALSE,FALSE,FALSE,FALSE,FALSE,FALSE,FALSE,FALSE,FALSE,FALSE,FALSE,FALSE,FALSE,FALSE,FALSE,TRUE,0,0,0,0
48,48,27619,JURONG WEST,4 ROOM,16 TO 18,Model A,2012,463000,2016,12,957.996,9,N,N,133,1.338139429,103.7219138,Jurong West,398.5167965,1,1,3,383.8196755,1,1,5,57,666.7842756,0,0,1.344075377,103.7210633,107.6735581,1.337751668,103.7210263,430.2650494,Lakeside Primary School,0,1.338375703,103.7180505,440.954971,Yuan Ching Secondary School,208,1.341891871,103.7206308,16,18,17,High (13-18),West,0,0,0,0,1,FALSE,FALSE,FALSE,FALSE,FALSE,FALSE,FALSE,FALSE,FALSE,FALSE,FALSE,FALSE,FALSE,FALSE,FALSE,FALSE,FALSE,FALSE,FALSE,FALSE,FALSE,FALSE,FALSE,FALSE,FALSE,FALSE,FALSE,FALSE,FALSE,FALSE,FALSE,FALSE,FALSE,FALSE,FALSE,FALSE,FALSE,1,0,0,0
49,49,182667,TAMPINES,EXECUTIVE,10 TO 12,Maisonette,1997,630000,2018,4,1550.016,24,N,N,74,1.348776693,103.9296945,Tampines,1255.321603,0,0,5,1261.469707,0,0,4,0,1005.653738,0,0,1.345643664,103.9381809,38.45663806,1.34844803,103.9298022,791.5630047,Saint Hilda's Primary School,1,1.349407043,103.9367872,106.2198441,Springfield Secondary School,189,1.349575632,103.9302183,10,12,11,Mid (7-12),East,0,1,0,0,0,FALSE,FALSE,FALSE,FALSE,TRUE,FALSE,FALSE,FALSE,FALSE,FALSE,FALSE,FALSE,FALSE,FALSE,FALSE,FALSE,FALSE,FALSE,FALSE,FALSE,FALSE,FALSE,FALSE,FALSE,FALSE,FALSE,FALSE,FALSE,FALSE,FALSE,FALSE,TRUE,FALSE,FALSE,FALSE,FALSE,FALSE,0,1,0,0
50,50,107793,JURONG WEST,5 ROOM,16 TO 18,Premium Apartment,2006,478000,2020,1,1205.568,15,N,N,99,1.336596609,103.6953782,Jurong West,581.7078938,0,1,3,2168.822131,0,0,0,94,213.0241962,0,0,1.337342939,103.6971431,105.216612,1.336490625,103.6963187,478.5473926,Frontier Primary School,0,1.336643122,103.6996828,761.7365285,Jurong West Secondary School,199,1.335256345,103.7020981,16,18,17,High (13-18),West,0,0,0,0,1,FALSE,FALSE,FALSE,TRUE,FALSE,FALSE,FALSE,FALSE,FALSE,FALSE,FALSE,FALSE,FALSE,FALSE,FALSE,FALSE,FALSE,FALSE,FALSE,FALSE,FALSE,FALSE,FALSE,FALSE,FALSE,FALSE,FALSE,FALSE,FALSE,FALSE,FALSE,FALSE,FALSE,FALSE,FALSE,FALSE,FALSE,1,0,0,0
51,51,87464,GEYLANG,4 ROOM,01 TO 05,New Generation,1978,495000,2012,3,979.524,43,N,N,180,1.322286559,103.9027205,Geylang,962.3053643,0,1,9,276.6089607,1,2,8,71,308.534461,1,0,1.319517275,103.9028941,301.7310602,1.320667091,103.9048984,297.3878717,Eunos Primary School,0,1.324388358,103.9043748,590.6740694,Manjusri Secondary School,188,1.327520222,103.901811,1,5,3,Low (1-6),RCR,0,0,0,1,0,FALSE,FALSE,FALSE,FALSE,FALSE,FALSE,FALSE,FALSE,FALSE,FALSE,FALSE,FALSE,FALSE,FALSE,FALSE,FALSE,FALSE,TRUE,FALSE,FALSE,FALSE,FALSE,FALSE,FALSE,FALSE,FALSE,FALSE,FALSE,FALSE,FALSE,FALSE,FALSE,FALSE,FALSE,FALSE,FALSE,FALSE,0,0,0,0
52,52,23527,ANG MO KIO,3 ROOM,07 TO 09,New Generation,1980,280000,2019,4,731.952,41,Y,N,188,1.380467587,103.8388167,Ang Mo Kio,1234.615207,0,0,2,216.4078722,1,2,7,166,669.5102634,1,0,1.381960215,103.8446515,115.3420831,1.37986282,103.8396597,538.8951109,Anderson Primary School,0,1.384665965,103.8412384,413.2161309,Yio Chu Kang Secondary School,188,1.378263353,103.8418094,7,9,8,Mid (7-12),North-East,0,0,0,0,0,FALSE,FALSE,TRUE,FALSE,FALSE,FALSE,TRUE,FALSE,FALSE,FALSE,FALSE,FALSE,FALSE,FALSE,FALSE,FALSE,FALSE,FALSE,FALSE,FALSE,FALSE,FALSE,FALSE,FALSE,FALSE,FALSE,FALSE,FALSE,FALSE,FALSE,FALSE,FALSE,FALSE,FALSE,FALSE,FALSE,FALSE,0,1,0,0
53,53,30646,ANG MO KIO,3 ROOM,07 TO 09,New Generation,1981,338000,2017,1,731.952,40,Y,N,195,1.362431864,103.8510307,Ang Mo Kio,820.0864801,0,1,4,357.6884726,2,3,11,86,791.3768185,1,0,1.369464707,103.849939,84.40687409,1.36167975,103.850928,307.8728886,Teck Ghee Primary School,0,1.365200631,103.8510322,555.7742759,Deyi Secondary School,215,1.367347421,103.8519361,7,9,8,Mid (7-12),North-East,0,0,0,0,0,FALSE,FALSE,TRUE,FALSE,FALSE,FALSE,TRUE,FALSE,FALSE,FALSE,FALSE,FALSE,FALSE,FALSE,FALSE,FALSE,FALSE,FALSE,FALSE,FALSE,FALSE,FALSE,FALSE,FALSE,FALSE,FALSE,FALSE,FALSE,FALSE,FALSE,FALSE,FALSE,FALSE,FALSE,FALSE,FALSE,FALSE,0,1,0,0
54,54,127154,PASIR RIS,5 ROOM,01 TO 03,Model A,1994,485000,2015,4,1410.084,27,Y,N,50,1.363330659,103.9597265,Pasir Ris,642.8253183,0,1,4,1444.191327,0,0,1,0,996.0316401,0,0,1.355610256,103.9551829,164.8693418,1.3646,103.95896,278.5504435,White Sands Primary School,0,1.365517813,103.9609482,413.4849179,Loyang Secondary School,188,1.366658318,103.9580664,1,3,2,Low (1-6),East,0,1,0,0,0,FALSE,FALSE,FALSE,TRUE,FALSE,FALSE,FALSE,FALSE,FALSE,FALSE,FALSE,FALSE,FALSE,FALSE,FALSE,FALSE,FALSE,FALSE,FALSE,FALSE,FALSE,FALSE,FALSE,FALSE,TRUE,FALSE,FALSE,FALSE,FALSE,FALSE,FALSE,FALSE,FALSE,FALSE,FALSE,FALSE,FALSE,0,0,0,0
55,55,43124,KALLANG/WHAMPOA,3 ROOM,04 TO 06,New Generation,1979,425000,2012,6,731.952,42,Y,N,173,1.312724567,103.8503761,Kallang,572.7900872,0,5,30,384.382422,1,3,10,74,290.1227592,0,0,1.312464255,103.8529729,118.1032932,1.313684504,103.8508308,63.46302802,Farrer Park Primary School,0,1.312504162,103.8509027,1770.297296,Bendemeer Secondary School,188,1.324611113,103.8609703,4,6,5,Low (1-6),RCR,0,0,0,1,0,FALSE,FALSE,TRUE,FALSE,FALSE,FALSE,FALSE,FALSE,FALSE,FALSE,FALSE,FALSE,FALSE,FALSE,FALSE,FALSE,FALSE,FALSE,FALSE,FALSE,TRUE,FALSE,FALSE,FALSE,FALSE,FALSE,FALSE,FALSE,FALSE,FALSE,FALSE,FALSE,FALSE,FALSE,FALSE,FALSE,FALSE,0,0,0,0
56,56,37026,BUKIT BATOK,3 ROOM,04 TO 06,Model A,1987,364000,2013,8,785.772,34,Y,N,110,1.355115164,103.7508779,Bukit Batok,582.5359229,0,1,3,1955.481444,0,0,1,87,459.197784,0,0,1.35906994,103.7520673,95.69989161,1.355207926,103.7517338,385.5295358,Lianhua Primary School,0,1.354155069,103.7542104,358.3969578,Hillgrove Secondary School,205,1.352735494,103.7530524,4,6,5,Low (1-6),West,0,0,0,0,1,FALSE,FALSE,TRUE,FALSE,FALSE,FALSE,FALSE,FALSE,FALSE,TRUE,FALSE,FALSE,FALSE,FALSE,FALSE,FALSE,FALSE,FALSE,FALSE,FALSE,FALSE,FALSE,FALSE,FALSE,FALSE,FALSE,FALSE,FALSE,FALSE,FALSE,FALSE,FALSE,FALSE,FALSE,FALSE,FALSE,FALSE,0,0,0,0
57,57,82411,SEMBAWANG,EXECUTIVE,10 TO 12,Premium Apartment,2001,500000,2019,7,1410.084,20,N,N,117,1.447576365,103.8186098,Sembawang,119.0152728,1,2,2,2051.074291,0,0,0,123,249.4735817,1,0,1.448927331,103.8204016,43.81015233,1.447772672,103.8189515,388.8208844,Sembawang Primary School,0,1.445043645,103.8210215,319.0385834,Sembawang Secondary School,188,1.445315021,103.8168433,10,12,11,Mid (7-12),North,0,0,1,0,0,FALSE,FALSE,FALSE,FALSE,TRUE,FALSE,FALSE,FALSE,FALSE,FALSE,FALSE,FALSE,FALSE,FALSE,FALSE,FALSE,FALSE,FALSE,FALSE,FALSE,FALSE,FALSE,FALSE,FALSE,FALSE,FALSE,FALSE,FALSE,TRUE,FALSE,FALSE,FALSE,FALSE,FALSE,FALSE,FALSE,FALSE,0,1,0,0
58,58,10541,CLEMENTI,3 ROOM,10 TO 12,New Generation,1983,295000,2019,10,731.952,38,N,N,171,1.304927243,103.7635194,Clementi,314.9417091,1,2,4,133.4440508,1,4,5,135,1176.445335,1,0,1.315405642,103.7649827,89.49682922,1.305135632,103.7627418,1119.11261,Qifa Primary School,0,1.312621542,103.75703,427.1642648,Kent Ridge Secondary School,206,1.301352887,103.7649275,10,12,11,Mid (7-12),West,0,0,0,0,1,FALSE,FALSE,TRUE,FALSE,FALSE,FALSE,FALSE,FALSE,FALSE,FALSE,FALSE,FALSE,FALSE,FALSE,FALSE,TRUE,FALSE,FALSE,FALSE,FALSE,FALSE,FALSE,FALSE,FALSE,FALSE,FALSE,FALSE,FALSE,FALSE,FALSE,FALSE,FALSE,FALSE,FALSE,FALSE,FALSE,FALSE,0,1,0,0
59,59,99145,YISHUN,4 ROOM,07 TO 09,Simplified,1987,316000,2020,7,947.232,34,N,N,96,1.423365101,103.8391035,Yishun,639.0483192,0,2,3,677.2315995,0,1,2,0,824.8467068,1,0,1.42940145,103.8347906,32.46271793,1.42345056,103.8388243,296.2936882,Northland Primary School,0,1.421304044,103.8407929,717.4636176,Northbrooks Secondary School,188,1.420881025,103.8450603,7,9,8,Mid (7-12),North,0,0,1,0,0,FALSE,FALSE,FALSE,FALSE,FALSE,FALSE,FALSE,FALSE,FALSE,FALSE,FALSE,FALSE,FALSE,FALSE,FALSE,FALSE,FALSE,FALSE,FALSE,FALSE,FALSE,FALSE,FALSE,FALSE,FALSE,FALSE,FALSE,FALSE,FALSE,FALSE,FALSE,FALSE,FALSE,FALSE,FALSE,FALSE,TRUE,0,1,0,0
60,60,87299,CLEMENTI,4 ROOM,01 TO 05,New Generation,1981,440000,2012,4,979.524,40,N,N,244,1.301917877,103.7630734,Clementi,391.9624749,1,1,4,252.8002231,1,1,5,135,1514.715436,1,0,1.315405642,103.7649827,86.45122475,1.301839156,103.7622997,1366.712392,Qifa Primary School,0,1.312621542,103.75703,215.4751868,Kent Ridge Secondary School,206,1.301352887,103.7649275,1,5,3,Low (1-6),West,0,0,0,0,1,FALSE,FALSE,FALSE,FALSE,FALSE,FALSE,FALSE,FALSE,FALSE,FALSE,FALSE,FALSE,FALSE,FALSE,FALSE,TRUE,FALSE,FALSE,FALSE,FALSE,FALSE,FALSE,FALSE,FALSE,FALSE,FALSE,FALSE,FALSE,FALSE,FALSE,FALSE,FALSE,FALSE,FALSE,FALSE,FALSE,FALSE,0,0,0,0
61,61,96378,PUNGGOL,4 ROOM,01 TO 03,Premium Apartment,2007,380000,2018,11,979.524,14,N,N,63,1.401369675,103.9131916,Punggol,140.1451484,1,2,4,4457.682182,0,0,0,0,1246.613513,1,1,1.405156551,103.9026363,80.82668292,1.402015,103.9128569,151.9085221,Horizon Primary School,0,1.400008815,103.9130715,460.4353139,Punggol Secondary School,194,1.402126295,103.9091193,1,3,2,Low (1-6),North-East,0,0,0,0,0,FALSE,FALSE,FALSE,FALSE,FALSE,FALSE,FALSE,FALSE,FALSE,FALSE,FALSE,FALSE,FALSE,FALSE,FALSE,FALSE,FALSE,FALSE,FALSE,FALSE,FALSE,FALSE,FALSE,FALSE,FALSE,TRUE,FALSE,FALSE,FALSE,FALSE,FALSE,FALSE,FALSE,FALSE,FALSE,FALSE,FALSE,0,0,0,0
62,62,23676,ANG MO KIO,3 ROOM,10 TO 12,New Generation,1979,370000,2014,7,721.188,42,N,N,150,1.370597561,103.852367,Ang Mo Kio,452.9532209,1,2,3,328.8036474,1,5,11,100,297.8524223,1,0,1.369464707,103.849939,150.8590517,1.369963268,103.8535666,156.7087544,Jing Shan Primary School,0,1.371892676,103.8518111,364.5596318,Deyi Secondary School,215,1.367347421,103.8519361,10,12,11,Mid (7-12),North-East,0,0,0,0,0,FALSE,FALSE,TRUE,FALSE,FALSE,FALSE,TRUE,FALSE,FALSE,FALSE,FALSE,FALSE,FALSE,FALSE,FALSE,FALSE,FALSE,FALSE,FALSE,FALSE,FALSE,FALSE,FALSE,FALSE,FALSE,FALSE,FALSE,FALSE,FALSE,FALSE,FALSE,FALSE,FALSE,FALSE,FALSE,FALSE,FALSE,0,1,0,0
63,63,95161,JURONG EAST,4 ROOM,19 TO 21,Model A,1999,525000,2015,4,1076.4,22,N,N,135,1.34146035,103.7456777,Jurong East,852.9137312,0,2,5,915.7257691,0,1,2,87,954.0028343,1,1,1.333576523,103.7422924,167.9131926,1.341953312,103.74425,559.4878971,Yuhua Primary School,0,1.342919818,103.7408611,873.491476,Bukit View Secondary School,205,1.345723151,103.7522778,19,21,20,Very High (19-30),West,0,0,0,0,1,FALSE,FALSE,FALSE,FALSE,FALSE,FALSE,FALSE,FALSE,FALSE,FALSE,FALSE,FALSE,FALSE,FALSE,FALSE,FALSE,FALSE,FALSE,FALSE,TRUE,FALSE,FALSE,FALSE,FALSE,FALSE,FALSE,FALSE,FALSE,FALSE,FALSE,FALSE,FALSE,FALSE,FALSE,FALSE,FALSE,FALSE,0,0,0,1
64,64,78203,BEDOK,4 ROOM,04 TO 06,Model A,2006,520030,2015,7,990.288,15,N,N,156,1.326869941,103.9418328,Bedok,728.4363073,0,1,5,265.3018362,1,4,8,147,440.0585373,0,1,1.3268651,103.9457914,121.9735154,1.325847905,103.9422313,555.5198674,Bedok Green Primary School,0,1.323996276,103.937745,367.7184966,Bedok View Secondary School,212,1.323999396,103.9434752,4,6,5,Low (1-6),East,0,1,0,0,0,FALSE,FALSE,FALSE,FALSE,FALSE,FALSE,FALSE,TRUE,FALSE,FALSE,FALSE,FALSE,FALSE,FALSE,FALSE,FALSE,FALSE,FALSE,FALSE,FALSE,FALSE,FALSE,FALSE,FALSE,FALSE,FALSE,FALSE,FALSE,FALSE,FALSE,FALSE,FALSE,FALSE,FALSE,FALSE,FALSE,FALSE,0,0,0,0
65,65,74692,SENGKANG,4 ROOM,13 TO 15,Model A,2002,380000,2016,3,968.76,19,N,N,151,1.389887699,103.8881145,Sengkang,802.0493645,0,2,7,1750.260305,0,0,1,0,893.3949828,1,1,1.39243991,103.8957351,103.3949166,1.390717311,103.8885346,128.5588067,Anchor Green Primary School,0,1.390662478,103.8872561,275.846922,Nan Chiau High School,243,1.388687442,103.8902862,13,15,14,High (13-18),North-East,0,0,0,0,0,FALSE,FALSE,FALSE,FALSE,FALSE,FALSE,FALSE,FALSE,FALSE,FALSE,FALSE,FALSE,FALSE,FALSE,FALSE,FALSE,FALSE,FALSE,FALSE,FALSE,FALSE,FALSE,FALSE,FALSE,FALSE,FALSE,FALSE,FALSE,FALSE,TRUE,FALSE,FALSE,FALSE,FALSE,FALSE,FALSE,FALSE,1,0,0,0
66,66,98313,WOODLANDS,4 ROOM,10 TO 12,Improved,1976,280000,2017,2,947.232,45,N,N,120,1.441345041,103.7771827,Woodlands,911.8778786,0,1,3,292.5910106,1,2,2,112,1019.060429,0,0,1.43275723,103.7739817,82.28108049,1.44071021,103.7768024,861.6753756,Marsiling Primary School,0,1.434423117,103.7736977,383.1277495,Woodlands Secondary School,188,1.439183317,103.7744988,10,12,11,Mid (7-12),North,0,0,1,0,0,FALSE,FALSE,FALSE,FALSE,FALSE,FALSE,FALSE,FALSE,FALSE,FALSE,FALSE,FALSE,FALSE,FALSE,FALSE,FALSE,FALSE,FALSE,FALSE,FALSE,FALSE,FALSE,FALSE,FALSE,FALSE,FALSE,FALSE,FALSE,FALSE,FALSE,FALSE,FALSE,FALSE,FALSE,FALSE,TRUE,FALSE,0,1,0,0
67,67,2143,TOA PAYOH,2 ROOM,07 TO 09,Standard,1983,183888,2020,8,462.852,38,N,N,333,1.338249143,103.852482,Toa Payoh,900.490174,0,1,5,244.4519434,4,6,8,0,744.540267,0,0,1.341078755,103.8464118,48.0285825,1.338628333,103.8526889,349.2688718,Pei Chun Public School,0,1.337288933,103.8554735,396.5025325,Beatty Secondary School,211,1.341790511,103.8520649,7,9,8,Mid (7-12),RCR,0,0,0,1,0,FALSE,TRUE,FALSE,FALSE,FALSE,FALSE,FALSE,FALSE,FALSE,FALSE,FALSE,FALSE,FALSE,FALSE,FALSE,FALSE,FALSE,FALSE,FALSE,FALSE,FALSE,FALSE,FALSE,FALSE,FALSE,FALSE,FALSE,FALSE,FALSE,FALSE,FALSE,FALSE,FALSE,TRUE,FALSE,FALSE,FALSE,0,1,0,0
68,68,166715,BISHAN,5 ROOM,22 TO 24,Improved,1986,728888,2017,1,1291.68,35,N,N,96,1.362768866,103.8327589,Bishan,972.0538542,0,1,3,851.8234353,0,2,7,101,1843.901322,0,0,1.347873082,103.8400478,157.7198923,1.363739827,103.8337932,228.731123,Ai Tong School,0,1.360736365,103.8330757,489.9880199,Peirce Secondary School,208,1.366131676,103.8299104,22,24,23,Very High (19-30),RCR,0,0,0,1,0,FALSE,FALSE,FALSE,TRUE,FALSE,FALSE,FALSE,FALSE,TRUE,FALSE,FALSE,FALSE,FALSE,FALSE,FALSE,FALSE,FALSE,FALSE,FALSE,FALSE,FALSE,FALSE,FALSE,FALSE,FALSE,FALSE,FALSE,FALSE,FALSE,FALSE,FALSE,FALSE,FALSE,FALSE,FALSE,FALSE,FALSE,0,0,0,1
69,69,144980,WOODLANDS,5 ROOM,10 TO 12,Improved,1999,418000,2017,10,1302.444,22,N,N,99,1.436498164,103.8031659,Woodlands,365.5570569,1,2,5,483.1990254,1,1,1,0,491.5575461,0,0,1.440343372,103.8009842,128.4911629,1.437066168,103.8021593,433.36284,Greenwood Primary School,0,1.440110498,103.8046293,297.1542439,Woodlands Ring Secondary School,211,1.436113678,103.8005205,10,12,11,Mid (7-12),North,0,0,1,0,0,FALSE,FALSE,FALSE,TRUE,FALSE,FALSE,FALSE,FALSE,FALSE,FALSE,FALSE,FALSE,FALSE,FALSE,FALSE,FALSE,FALSE,FALSE,FALSE,FALSE,FALSE,FALSE,FALSE,FALSE,FALSE,FALSE,FALSE,FALSE,FALSE,FALSE,FALSE,FALSE,FALSE,FALSE,FALSE,TRUE,FALSE,0,1,0,0
70,70,172917,JURONG EAST,EXECUTIVE,01 TO 03,Apartment,1993,630000,2020,10,1743.768,28,Y,N,63,1.341372153,103.7367542,Jurong East,977.4074494,0,1,6,250.3747197,1,2,3,87,517.3626688,0,0,1.342440843,103.7322246,141.5641309,1.342389722,103.7359889,487.8992274,Yuhua Primary School,0,1.342919818,103.7408611,901.0616121,Bukit Batok Secondary School,223,1.348351215,103.7408734,1,3,2,Low (1-6),West,0,0,0,0,1,FALSE,FALSE,FALSE,FALSE,TRUE,FALSE,FALSE,FALSE,FALSE,FALSE,FALSE,FALSE,FALSE,FALSE,FALSE,FALSE,FALSE,FALSE,FALSE,TRUE,FALSE,FALSE,FALSE,FALSE,FALSE,FALSE,FALSE,FALSE,FALSE,FALSE,FALSE,FALSE,FALSE,FALSE,FALSE,FALSE,FALSE,0,0,0,0
71,71,10613,GEYLANG,3 ROOM,01 TO 03,Standard,1969,270000,2015,1,656.604,52,N,N,118,1.325737428,103.8870543,Geylang,991.9038174,0,1,6,238.5602112,3,4,9,0,401.3653841,0,1,1.325858517,103.8906628,192.6843918,1.32722901,103.8879366,595.1362188,Canossa Catholic Primary School,1,1.32651106,103.8817569,1030.929959,Geylang Methodist School,224,1.317658971,103.8825037,1,3,2,Low (1-6),RCR,0,0,0,1,0,FALSE,FALSE,TRUE,FALSE,FALSE,FALSE,FALSE,FALSE,FALSE,FALSE,FALSE,FALSE,FALSE,FALSE,FALSE,FALSE,FALSE,TRUE,FALSE,FALSE,FALSE,FALSE,FALSE,FALSE,FALSE,FALSE,FALSE,FALSE,FALSE,FALSE,FALSE,FALSE,FALSE,FALSE,FALSE,FALSE,FALSE,0,0,0,0
72,72,2648,BUKIT MERAH,3 ROOM,04 TO 06,Standard,1971,370000,2018,5,635.076,50,Y,N,97,1.288076876,103.8270813,Bukit Merah,177.7540458,1,2,20,49.08613312,2,8,14,62,257.2865668,0,0,1.285764585,103.8269968,167.7974082,1.28875833,103.8257346,411.2036506,Zhangde Primary School,0,1.28449822,103.826149,388.2172955,Gan Eng Seng School,223,1.289071145,103.8237337,4,6,5,Low (1-6),RCR,0,0,0,1,0,FALSE,FALSE,TRUE,FALSE,FALSE,FALSE,FALSE,FALSE,FALSE,FALSE,TRUE,FALSE,FALSE,FALSE,FALSE,FALSE,FALSE,FALSE,FALSE,FALSE,FALSE,FALSE,FALSE,FALSE,FALSE,FALSE,FALSE,FALSE,FALSE,FALSE,FALSE,FALSE,FALSE,FALSE,FALSE,FALSE,FALSE,0,0,0,0
73,73,6440,ANG MO KIO,3 ROOM,01 TO 03,New Generation,1980,310000,2020,2,882.648,41,Y,N,190,1.370816268,103.8591923,Ang Mo Kio,902.6995019,0,1,3,413.9963018,1,3,7,113,1039.546634,1,0,1.369464707,103.849939,123.5016188,1.370346605,103.8581855,829.2007993,Jing Shan Primary School,0,1.371892676,103.8518111,894.1018085,Deyi Secondary School,215,1.367347421,103.8519361,1,3,2,Low (1-6),North-East,0,0,0,0,0,FALSE,FALSE,TRUE,FALSE,FALSE,FALSE,TRUE,FALSE,FALSE,FALSE,FALSE,FALSE,FALSE,FALSE,FALSE,FALSE,FALSE,FALSE,FALSE,FALSE,FALSE,FALSE,FALSE,FALSE,FALSE,FALSE,FALSE,FALSE,FALSE,FALSE,FALSE,FALSE,FALSE,FALSE,FALSE,FALSE,FALSE,0,0,0,0
74,74,109564,WOODLANDS,5 ROOM,10 TO 12,Improved,1998,457000,2013,6,1313.208,23,Y,N,110,1.446602397,103.7960425,Woodlands,258.4359253,1,1,5,886.9288394,0,1,1,0,886.6378081,0,0,1.440343372,103.8009842,125.3081232,1.446688659,103.7949185,319.6246695,Evergreen Primary School,0,1.444148359,103.7945453,649.4711244,Evergreen Secondary School,224,1.441220838,103.7937715,10,12,11,Mid (7-12),North,0,0,1,0,0,FALSE,FALSE,FALSE,TRUE,FALSE,FALSE,FALSE,FALSE,FALSE,FALSE,FALSE,FALSE,FALSE,FALSE,FALSE,FALSE,FALSE,FALSE,FALSE,FALSE,FALSE,FALSE,FALSE,FALSE,FALSE,FALSE,FALSE,FALSE,FALSE,FALSE,FALSE,FALSE,FALSE,FALSE,FALSE,TRUE,FALSE,0,1,0,0
75,75,163384,SENGKANG,4 ROOM,19 TO 21,Model A,2016,455000,2021,4,1001.052,5,N,N,100,1.397479085,103.8785001,Sengkang,Unknown,0,0,0,2541.170822,0,0,0,0,1996.136647,1,1,1.39243991,103.8957351,162.7238666,1.3984935,103.877445,190.7406866,Fern Green Primary School,0,1.397620783,103.8802101,789.3997761,Pei Hwa Secondary School,219,1.390380457,103.8785935,19,21,20,Very High (19-30),North-East,0,0,0,0,0,FALSE,FALSE,FALSE,FALSE,FALSE,FALSE,FALSE,FALSE,FALSE,FALSE,FALSE,FALSE,FALSE,FALSE,FALSE,FALSE,FALSE,FALSE,FALSE,FALSE,FALSE,FALSE,FALSE,FALSE,FALSE,FALSE,FALSE,FALSE,FALSE,TRUE,FALSE,FALSE,FALSE,FALSE,FALSE,FALSE,FALSE,0,0,0,1
76,76,83269,SENGKANG,4 ROOM,04 TO 06,Premium Apartment,2007,485000,2019,1,990.288,14,N,N,64,1.382579359,103.8972253,Sengkang,600.1345059,0,1,7,1799.672649,0,0,1,0,418.2778245,1,0,1.382649723,103.8934632,109.2509481,1.381596968,103.8972095,156.3638901,North Vista Primary School,0,1.382893394,103.8958542,239.9235924,North Vista Secondary School,208,1.381252014,103.8989269,4,6,5,Low (1-6),North-East,0,0,0,0,0,FALSE,FALSE,FALSE,FALSE,FALSE,FALSE,FALSE,FALSE,FALSE,FALSE,FALSE,FALSE,FALSE,FALSE,FALSE,FALSE,FALSE,FALSE,FALSE,FALSE,FALSE,FALSE,FALSE,FALSE,FALSE,FALSE,FALSE,FALSE,FALSE,TRUE,FALSE,FALSE,FALSE,FALSE,FALSE,FALSE,FALSE,0,0,0,0
77,77,128741,BUKIT PANJANG,4 ROOM,16 TO 18,Premium Apartment,2003,560000,2018,4,979.524,18,N,N,171,1.379710958,103.7624401,Bukit Panjang,148.9137906,3,4,7,1123.346335,0,0,1,45,96.45437127,1,1,1.379015879,103.761921,36.97456027,1.379989459,103.7622584,493.22855,West View Primary School,0,1.383590574,103.7602891,488.0343066,Fajar Secondary School,188,1.375565392,103.7638819,16,18,17,High (13-18),West,0,0,0,0,1,FALSE,FALSE,FALSE,FALSE,FALSE,FALSE,FALSE,FALSE,FALSE,FALSE,FALSE,TRUE,FALSE,FALSE,FALSE,FALSE,FALSE,FALSE,FALSE,FALSE,FALSE,FALSE,FALSE,FALSE,FALSE,FALSE,FALSE,FALSE,FALSE,FALSE,FALSE,FALSE,FALSE,FALSE,FALSE,FALSE,FALSE,1,0,0,0
78,78,16983,ANG MO KIO,3 ROOM,10 TO 12,New Generation,1980,238000,2019,9,721.188,41,N,N,150,1.374582553,103.8530491,Ang Mo Kio,767.1690203,0,2,3,258.9482414,1,3,11,100,665.866604,1,0,1.369464707,103.849939,135.6816114,1.375793351,103.8532004,329.2421885,Jing Shan Primary School,0,1.371892676,103.8518111,183.9200485,Anderson Secondary School,245,1.374242189,103.85143,10,12,11,Mid (7-12),North-East,0,0,0,0,0,FALSE,FALSE,TRUE,FALSE,FALSE,FALSE,TRUE,FALSE,FALSE,FALSE,FALSE,FALSE,FALSE,FALSE,FALSE,FALSE,FALSE,FALSE,FALSE,FALSE,FALSE,FALSE,FALSE,FALSE,FALSE,FALSE,FALSE,FALSE,FALSE,FALSE,FALSE,FALSE,FALSE,FALSE,FALSE,FALSE,FALSE,0,1,0,0
79,79,125131,TOA PAYOH,4 ROOM,01 TO 03,Model A,1988,408000,2016,6,1119.456,33,N,N,64,1.331546892,103.8570174,Toa Payoh,1108.444351,0,0,6,413.9208053,1,5,11,59,1037.231647,1,0,1.332376442,103.8477238,168.4775089,1.332463066,103.8558103,661.1505719,Pei Chun Public School,0,1.337288933,103.8554735,887.6256815,Bendemeer Secondary School,188,1.324611113,103.8609703,1,3,2,Low (1-6),RCR,0,0,0,1,0,FALSE,FALSE,FALSE,FALSE,FALSE,FALSE,FALSE,FALSE,FALSE,FALSE,FALSE,FALSE,FALSE,FALSE,FALSE,FALSE,FALSE,FALSE,FALSE,FALSE,FALSE,FALSE,FALSE,FALSE,FALSE,FALSE,FALSE,FALSE,FALSE,FALSE,FALSE,FALSE,FALSE,TRUE,FALSE,FALSE,FALSE,0,0,0,0
80,80,98139,TOA PAYOH,4 ROOM,04 TO 06,Improved,1976,375000,2016,8,882.648,45,Y,N,266,1.341773107,103.8560398,Toa Payoh,1256.894404,0,0,4,237.2909378,1,5,6,77,1073.072562,0,0,1.341078755,103.8464118,148.7065983,1.343097459,103.8562259,144.6985571,First Toa Payoh Primary School,0,1.340526165,103.8556675,441.8717581,Beatty Secondary School,211,1.341790511,103.8520649,4,6,5,Low (1-6),RCR,0,0,0,1,0,FALSE,FALSE,FALSE,FALSE,FALSE,FALSE,FALSE,FALSE,FALSE,FALSE,FALSE,FALSE,FALSE,FALSE,FALSE,FALSE,FALSE,FALSE,FALSE,FALSE,FALSE,FALSE,FALSE,FALSE,FALSE,FALSE,FALSE,FALSE,FALSE,FALSE,FALSE,FALSE,FALSE,TRUE,FALSE,FALSE,FALSE,0,0,0,0
81,81,166343,SENGKANG,EXECUTIVE,07 TO 09,Premium Apartment,2003,550000,2020,10,1356.264,18,N,N,104,1.390905315,103.885025,Sengkang,819.30839,0,2,7,1780.695021,0,0,1,0,1202.723948,1,1,1.39243991,103.8957351,90.96127804,1.39044,103.885698,249.4795055,Anchor Green Primary School,0,1.390662478,103.8872561,634.7166036,Nan Chiau High School,243,1.388687442,103.8902862,7,9,8,Mid (7-12),North-East,0,0,0,0,0,FALSE,FALSE,FALSE,FALSE,TRUE,FALSE,FALSE,FALSE,FALSE,FALSE,FALSE,FALSE,FALSE,FALSE,FALSE,FALSE,FALSE,FALSE,FALSE,FALSE,FALSE,FALSE,FALSE,FALSE,FALSE,FALSE,FALSE,FALSE,FALSE,TRUE,FALSE,FALSE,FALSE,FALSE,FALSE,FALSE,FALSE,0,1,0,0
82,82,156598,BEDOK,4 ROOM,04 TO 06,Model A,1989,608000,2018,12,1119.456,32,N,N,73,1.325855463,103.9105989,Bedok,1923.715303,0,0,1,884.2568792,0,2,4,75,606.40735,0,0,1.320929673,103.91294,75.1484024,1.325399682,103.911098,568.5742767,Telok Kurau Primary School,0,1.330913472,103.9113491,994.2916439,Manjusri Secondary School,188,1.327520222,103.901811,4,6,5,Low (1-6),East,0,1,0,0,0,FALSE,FALSE,FALSE,FALSE,FALSE,FALSE,FALSE,TRUE,FALSE,FALSE,FALSE,FALSE,FALSE,FALSE,FALSE,FALSE,FALSE,FALSE,FALSE,FALSE,FALSE,FALSE,FALSE,FALSE,FALSE,FALSE,FALSE,FALSE,FALSE,FALSE,FALSE,FALSE,FALSE,FALSE,FALSE,FALSE,FALSE,0,0,0,0
83,83,45334,BISHAN,3 ROOM,10 TO 12,Simplified,1988,446000,2018,7,688.896,33,N,N,88,1.349762019,103.8524727,Bishan,452.1791491,1,1,1,1066.174627,0,0,9,77,472.1336667,1,1,1.350579599,103.848305,160.2487761,1.349702654,103.853913,228.6209035,Kuo Chuan Presbyterian Primary School,1,1.349783074,103.8545292,271.6699203,Kuo Chuan Presbyterian Secondary School,232,1.350109648,103.8548917,10,12,11,Mid (7-12),RCR,0,0,0,1,0,FALSE,FALSE,TRUE,FALSE,FALSE,FALSE,FALSE,FALSE,TRUE,FALSE,FALSE,FALSE,FALSE,FALSE,FALSE,FALSE,FALSE,FALSE,FALSE,FALSE,FALSE,FALSE,FALSE,FALSE,FALSE,FALSE,FALSE,FALSE,FALSE,FALSE,FALSE,FALSE,FALSE,FALSE,FALSE,FALSE,FALSE,0,1,0,0
84,84,163130,PUNGGOL,5 ROOM,04 TO 06,Premium Apartment,2016,656888,2021,4,1216.332,5,N,N,64,1.402040572,103.9141411,Punggol,117.043612,1,2,4,4586.124992,0,0,0,0,1324.99487,1,1,1.405156551,103.9026363,142.7766517,1.402015,103.9128569,255.2980433,Horizon Primary School,0,1.400008815,103.9130715,558.3123703,Punggol Secondary School,194,1.402126295,103.9091193,4,6,5,Low (1-6),North-East,0,0,0,0,0,FALSE,FALSE,FALSE,TRUE,FALSE,FALSE,FALSE,FALSE,FALSE,FALSE,FALSE,FALSE,FALSE,FALSE,FALSE,FALSE,FALSE,FALSE,FALSE,FALSE,FALSE,FALSE,FALSE,FALSE,FALSE,TRUE,FALSE,FALSE,FALSE,FALSE,FALSE,FALSE,FALSE,FALSE,FALSE,FALSE,FALSE,0,0,0,0
85,85,176309,BUKIT BATOK,EXECUTIVE,13 TO 15,Apartment,1993,580000,2015,3,1539.252,28,N,N,52,1.365140402,103.7448651,Bukit Batok,1361.043605,0,0,4,2529.760477,0,0,0,87,1047.199338,0,0,1.35906994,103.7520673,72.24742507,1.365066866,103.7442194,495.476717,Saint Anthony's Primary School,1,1.364639125,103.749294,167.7540757,Dunearn Secondary School,189,1.363638093,103.7450033,13,15,14,High (13-18),West,0,0,0,0,1,FALSE,FALSE,FALSE,FALSE,TRUE,FALSE,FALSE,FALSE,FALSE,TRUE,FALSE,FALSE,FALSE,FALSE,FALSE,FALSE,FALSE,FALSE,FALSE,FALSE,FALSE,FALSE,FALSE,FALSE,FALSE,FALSE,FALSE,FALSE,FALSE,FALSE,FALSE,FALSE,FALSE,FALSE,FALSE,FALSE,FALSE,1,0,0,0
86,86,185513,PASIR RIS,EXECUTIVE,06 TO 10,Apartment,1993,638000,2012,5,1571.544,28,N,N,65,1.375398696,103.9462315,Pasir Ris,513.1027618,0,2,3,615.7797282,0,1,1,0,446.9026796,1,0,1.372841969,103.9493334,38.21316424,1.375583564,103.9465213,105.2906263,Elias Park Primary School,0,1.375033032,103.9453578,950.8534571,Hai Sing Catholic School,220,1.374638203,103.9547513,6,10,8,Mid (7-12),East,0,1,0,0,0,FALSE,FALSE,FALSE,FALSE,TRUE,FALSE,FALSE,FALSE,FALSE,FALSE,FALSE,FALSE,FALSE,FALSE,FALSE,FALSE,FALSE,FALSE,FALSE,FALSE,FALSE,FALSE,FALSE,FALSE,TRUE,FALSE,FALSE,FALSE,FALSE,FALSE,FALSE,FALSE,FALSE,FALSE,FALSE,FALSE,FALSE,0,1,0,0
87,87,169478,JURONG EAST,5 ROOM,22 TO 24,Improved,1989,698000,2014,4,1291.68,32,N,N,96,1.33640567,103.7430754,Jurong East,235.8090804,3,4,5,981.5886839,0,1,3,87,326.4064327,1,1,1.333576523,103.7422924,57.73091719,1.336442401,103.7425574,712.1098602,Fuhua Primary School,0,1.336403763,103.7366695,1350.650808,Bukit Batok Secondary School,223,1.348351215,103.7408734,22,24,23,Very High (19-30),West,0,0,0,0,1,FALSE,FALSE,FALSE,TRUE,FALSE,FALSE,FALSE,FALSE,FALSE,FALSE,FALSE,FALSE,FALSE,FALSE,FALSE,FALSE,FALSE,FALSE,FALSE,TRUE,FALSE,FALSE,FALSE,FALSE,FALSE,FALSE,FALSE,FALSE,FALSE,FALSE,FALSE,FALSE,FALSE,FALSE,FALSE,FALSE,FALSE,0,0,0,1
88,88,133895,CENTRAL AREA,4 ROOM,07 TO 09,Improved,1979,495000,2014,9,936.468,42,Y,N,120,1.306163609,103.8577767,Rochor,513.4237445,0,11,24,165.5928346,1,5,10,0,292.0116262,0,0,1.30549256,103.8552371,183.9600007,1.306530241,103.856163,234.3685551,Stamford Primary School,0,1.304091083,103.857393,1511.288089,Raffles Girls' School,260,1.295013834,103.8500025,7,9,8,Mid (7-12),CCR,1,0,0,0,0,FALSE,FALSE,FALSE,FALSE,FALSE,FALSE,FALSE,FALSE,FALSE,FALSE,FALSE,FALSE,FALSE,FALSE,FALSE,FALSE,FALSE,FALSE,FALSE,FALSE,FALSE,FALSE,FALSE,FALSE,FALSE,FALSE,FALSE,TRUE,FALSE,FALSE,FALSE,FALSE,FALSE,FALSE,FALSE,FALSE,FALSE,0,1,0,0
89,89,106978,HOUGANG,4 ROOM,01 TO 05,Simplified,1986,410000,2012,4,904.176,35,N,N,110,1.369140106,103.8846969,Hougang,928.3481225,0,1,7,669.9886037,0,1,3,0,971.2383206,1,0,1.371956795,103.8929672,89.51380306,1.368368665,103.884927,312.9426157,Xinmin Primary School,0,1.371414726,103.8830391,430.3494672,Xinmin Secondary School,233,1.3726429,103.8830505,1,5,3,Low (1-6),North-East,0,0,0,0,0,FALSE,FALSE,FALSE,FALSE,FALSE,FALSE,FALSE,FALSE,FALSE,FALSE,FALSE,FALSE,FALSE,FALSE,FALSE,FALSE,FALSE,FALSE,TRUE,FALSE,FALSE,FALSE,FALSE,FALSE,FALSE,FALSE,FALSE,FALSE,FALSE,FALSE,FALSE,FALSE,FALSE,FALSE,FALSE,FALSE,FALSE,0,0,0,0
90,90,100006,BUKIT BATOK,4 ROOM,01 TO 03,Model A,1985,415000,2014,12,1119.456,36,Y,N,144,1.36002946,103.7510723,Bukit Batok,1111.756517,0,0,3,2363.693177,0,0,0,87,153.6803316,0,0,1.35906994,103.7520673,103.0177341,1.359209952,103.7515046,341.0947674,Dazhong Primary School,0,1.359058992,103.7481615,480.6792976,Swiss Cottage Secondary School,239,1.364333907,103.7506737,1,3,2,Low (1-6),West,0,0,0,0,1,FALSE,FALSE,FALSE,FALSE,FALSE,FALSE,FALSE,FALSE,FALSE,TRUE,FALSE,FALSE,FALSE,FALSE,FALSE,FALSE,FALSE,FALSE,FALSE,FALSE,FALSE,FALSE,FALSE,FALSE,FALSE,FALSE,FALSE,FALSE,FALSE,FALSE,FALSE,FALSE,FALSE,FALSE,FALSE,FALSE,FALSE,0,0,0,0
91,91,77912,BEDOK,4 ROOM,10 TO 12,Improved,1977,390000,2015,9,904.176,44,N,N,120,1.323903872,103.9425114,Bedok,962.4380678,0,1,5,297.0412307,1,3,7,147,491.2943128,0,1,1.3268651,103.9457914,179.6672251,1.325487428,103.9421902,529.9576231,Bedok Green Primary School,0,1.323996276,103.937745,107.6662856,Bedok View Secondary School,212,1.323999396,103.9434752,10,12,11,Mid (7-12),East,0,1,0,0,0,FALSE,FALSE,FALSE,FALSE,FALSE,FALSE,FALSE,TRUE,FALSE,FALSE,FALSE,FALSE,FALSE,FALSE,FALSE,FALSE,FALSE,FALSE,FALSE,FALSE,FALSE,FALSE,FALSE,FALSE,FALSE,FALSE,FALSE,FALSE,FALSE,FALSE,FALSE,FALSE,FALSE,FALSE,FALSE,FALSE,FALSE,0,1,0,0
92,92,161992,SENGKANG,5 ROOM,13 TO 15,Improved,1998,465000,2020,10,1291.68,23,N,N,91,1.383459766,103.9013837,Sengkang,217.6573044,1,1,7,2257.800407,0,0,0,0,885.0581312,1,0,1.382649723,103.8934632,86.12606939,1.383533056,103.902155,510.5738305,North Spring Primary School,0,1.387528236,103.903513,367.2215165,North Vista Secondary School,208,1.381252014,103.8989269,13,15,14,High (13-18),North-East,0,0,0,0,0,FALSE,FALSE,FALSE,TRUE,FALSE,FALSE,FALSE,FALSE,FALSE,FALSE,FALSE,FALSE,FALSE,FALSE,FALSE,FALSE,FALSE,FALSE,FALSE,FALSE,FALSE,FALSE,FALSE,FALSE,FALSE,FALSE,FALSE,FALSE,FALSE,TRUE,FALSE,FALSE,FALSE,FALSE,FALSE,FALSE,FALSE,1,0,0,0
93,93,127576,SENGKANG,5 ROOM,01 TO 03,Improved,2001,415000,2015,1,1184.04,20,N,N,107,1.387065378,103.8927356,Sengkang,609.5780697,0,1,9,1727.702618,0,0,1,0,497.6156419,1,0,1.382649723,103.8934632,40.73546196,1.386768071,103.8925215,396.4017908,Palm View Primary School,0,1.383840764,103.8912151,326.601522,Nan Chiau High School,243,1.388687442,103.8902862,1,3,2,Low (1-6),North-East,0,0,0,0,0,FALSE,FALSE,FALSE,TRUE,FALSE,FALSE,FALSE,FALSE,FALSE,FALSE,FALSE,FALSE,FALSE,FALSE,FALSE,FALSE,FALSE,FALSE,FALSE,FALSE,FALSE,FALSE,FALSE,FALSE,FALSE,FALSE,FALSE,FALSE,FALSE,TRUE,FALSE,FALSE,FALSE,FALSE,FALSE,FALSE,FALSE,0,0,0,0
94,94,27231,JURONG WEST,3 ROOM,04 TO 06,Improved,1974,245000,2017,11,742.716,47,N,N,160,1.335985469,103.723866,Jurong West,399.2720476,1,1,4,288.7127774,1,1,5,57,951.9834191,0,0,1.344075377,103.7210633,131.7886753,1.336301262,103.7250087,698.9805545,Lakeside Primary School,0,1.338375703,103.7180505,649.6883952,Jurong Secondary School,224,1.330147354,103.7240997,4,6,5,Low (1-6),West,0,0,0,0,1,FALSE,FALSE,TRUE,FALSE,FALSE,FALSE,FALSE,FALSE,FALSE,FALSE,FALSE,FALSE,FALSE,FALSE,FALSE,FALSE,FALSE,FALSE,FALSE,FALSE,FALSE,FALSE,FALSE,FALSE,FALSE,FALSE,FALSE,FALSE,FALSE,FALSE,FALSE,FALSE,FALSE,FALSE,FALSE,FALSE,FALSE,0,0,0,0
95,95,47853,HOUGANG,4 ROOM,13 TO 15,New Generation,1985,389000,2016,5,1001.052,36,N,N,120,1.365758495,103.8897201,Hougang,796.7250401,0,3,6,850.7986718,0,1,3,118,778.0194221,1,0,1.371956795,103.8929672,135.1196633,1.366872071,103.8892336,453.9080085,Holy Innocents' Primary School,1,1.366737841,103.8936841,915.9354678,Montfort Secondary School,204,1.373950678,103.8888598,13,15,14,High (13-18),North-East,0,0,0,0,0,FALSE,FALSE,FALSE,FALSE,FALSE,FALSE,FALSE,FALSE,FALSE,FALSE,FALSE,FALSE,FALSE,FALSE,FALSE,FALSE,FALSE,FALSE,TRUE,FALSE,FALSE,FALSE,FALSE,FALSE,FALSE,FALSE,FALSE,FALSE,FALSE,FALSE,FALSE,FALSE,FALSE,FALSE,FALSE,FALSE,FALSE,1,0,0,0
96,96,180243,TAMPINES,EXECUTIVE,07 TO 09,Apartment,1989,740000,2015,7,1528.488,32,N,N,60,1.350708231,103.9408562,Tampines,254.8676391,4,5,6,260.9781128,1,2,2,0,566.1712635,1,1,1.353539082,103.9450896,118.5979531,1.351574554,103.9402339,303.027182,Tampines Primary School,0,1.350486398,103.9435731,375.9513103,Tampines Secondary School,203,1.349434801,103.9439891,7,9,8,Mid (7-12),East,0,1,0,0,0,FALSE,FALSE,FALSE,FALSE,TRUE,FALSE,FALSE,FALSE,FALSE,FALSE,FALSE,FALSE,FALSE,FALSE,FALSE,FALSE,FALSE,FALSE,FALSE,FALSE,FALSE,FALSE,FALSE,FALSE,FALSE,FALSE,FALSE,FALSE,FALSE,FALSE,FALSE,TRUE,FALSE,FALSE,FALSE,FALSE,FALSE,0,1,0,0
97,97,137432,ANG MO KIO,5 ROOM,07 TO 09,Improved,2001,708000,2018,4,1184.04,20,N,N,145,1.364068079,103.8516123,Ang Mo Kio,684.0072434,0,1,4,366.5671356,2,3,10,86,628.2457628,1,0,1.369464707,103.849939,85.60564594,1.363984674,103.8523779,141.4843121,Teck Ghee Primary School,0,1.365200631,103.8510322,366.4184273,Deyi Secondary School,215,1.367347421,103.8519361,7,9,8,Mid (7-12),North-East,0,0,0,0,0,FALSE,FALSE,FALSE,TRUE,FALSE,FALSE,TRUE,FALSE,FALSE,FALSE,FALSE,FALSE,FALSE,FALSE,FALSE,FALSE,FALSE,FALSE,FALSE,FALSE,FALSE,FALSE,FALSE,FALSE,FALSE,FALSE,FALSE,FALSE,FALSE,FALSE,FALSE,FALSE,FALSE,FALSE,FALSE,FALSE,FALSE,0,1,0,0
98,98,2937,GEYLANG,2 ROOM,07 TO 09,Standard,1967,180000,2020,3,484.38,54,N,N,118,1.326262221,103.8880026,Geylang,979.7406363,0,1,6,204.2685172,3,4,8,43,299.1092066,0,1,1.325858517,103.8906628,107.7523728,1.32722901,103.8879366,694.8551991,Canossa Catholic Primary School,1,1.32651106,103.8817569,1135.265446,Geylang Methodist School,224,1.317658971,103.8825037,7,9,8,Mid (7-12),RCR,0,0,0,1,0,FALSE,TRUE,FALSE,FALSE,FALSE,FALSE,FALSE,FALSE,FALSE,FALSE,FALSE,FALSE,FALSE,FALSE,FALSE,FALSE,FALSE,TRUE,FALSE,FALSE,FALSE,FALSE,FALSE,FALSE,FALSE,FALSE,FALSE,FALSE,FALSE,FALSE,FALSE,FALSE,FALSE,FALSE,FALSE,FALSE,FALSE,0,1,0,0
99,99,87167,CHOA CHU KANG,4 ROOM,01 TO 03,Model A,1992,310000,2015,6,1119.456,29,N,N,78,1.38032443,103.7425998,Choa Chu Kang,375.6892627,2,3,7,3327.720033,0,0,0,45,624.8896532,1,1,1.385710805,103.744203,58.65568353,1.380851855,103.7426089,298.5447685,Chua Chu Kang Primary School,0,1.377743283,103.7418605,535.7312681,Bukit Panjang Government High School,244,1.382136722,103.7381344,1,3,2,Low (1-6),West,0,0,0,0,1,FALSE,FALSE,FALSE,FALSE,FALSE,FALSE,FALSE,FALSE,FALSE,FALSE,FALSE,FALSE,FALSE,FALSE,TRUE,FALSE,FALSE,FALSE,FALSE,FALSE,FALSE,FALSE,FALSE,FALSE,FALSE,FALSE,FALSE,FALSE,FALSE,FALSE,FALSE,FALSE,FALSE,FALSE,FALSE,FALSE,FALSE,0,0,0,0
100,100,55370,JURONG EAST,4 ROOM,04 TO 06,New Generation,1983,480000,2012,9,1065.636,38,N,N,112,1.337890377,103.7424281,Jurong East,401.8925798,1,4,5,808.7701993,0,1,3,87,479.9158196,1,1,1.333576523,103.7422924,112.5324967,1.338626239,103.7417331,585.7495241,Yuhua Primary School,0,1.342919818,103.7408611,1175.961375,Bukit Batok Secondary School,223,1.348351215,103.7408734,4,6,5,Low (1-6),West,0,0,0,0,1,FALSE,FALSE,FALSE,FALSE,FALSE,FALSE,FALSE,FALSE,FALSE,FALSE,FALSE,FALSE,FALSE,FALSE,FALSE,FALSE,FALSE,FALSE,FALSE,TRUE,FALSE,FALSE,FALSE,FALSE,FALSE,FALSE,FALSE,FALSE,FALSE,FALSE,FALSE,FALSE,FALSE,FALSE,FALSE,FALSE,FALSE,0,0,0,0
